-- phpMyAdmin SQL Dump
-- version 4.7.0
-- https://www.phpmyadmin.net/
--
-- Host: 127.0.0.1
-- Generation Time: Nov 11, 2017 at 03:36 AM
-- Server version: 10.1.24-MariaDB
-- PHP Version: 7.1.6

SET SQL_MODE = "NO_AUTO_VALUE_ON_ZERO";
SET AUTOCOMMIT = 0;
START TRANSACTION;
SET time_zone = "+00:00";


/*!40101 SET @OLD_CHARACTER_SET_CLIENT=@@CHARACTER_SET_CLIENT */;
/*!40101 SET @OLD_CHARACTER_SET_RESULTS=@@CHARACTER_SET_RESULTS */;
/*!40101 SET @OLD_COLLATION_CONNECTION=@@COLLATION_CONNECTION */;
/*!40101 SET NAMES utf8mb4 */;

--
-- Database: `slice_final`
--

-- --------------------------------------------------------

--
-- Table structure for table `attendance`
--

CREATE TABLE `attendance` (
  `logID` int(11) NOT NULL,
  `tutorID` int(11) NOT NULL,
  `term` int(11) NOT NULL,
  `schoolYr` varchar(10) NOT NULL,
  `timeIn` datetime NOT NULL,
  `timeOut` datetime DEFAULT NULL,
  `remarks` varchar(500) DEFAULT NULL
) ENGINE=MyISAM DEFAULT CHARSET=utf8;

-- --------------------------------------------------------

--
-- Table structure for table `auditlogs`
--

CREATE TABLE `auditlogs` (
  `auditID` int(11) NOT NULL,
  `userID` int(11) NOT NULL,
  `logType` varchar(500) NOT NULL,
  `description` varchar(500) NOT NULL,
  `timeStamp` datetime NOT NULL DEFAULT CURRENT_TIMESTAMP
) ENGINE=MyISAM DEFAULT CHARSET=utf8;

--
-- Dumping data for table `auditlogs`
--

INSERT INTO `auditlogs` (`auditID`, `userID`, `logType`, `description`, `timeStamp`) VALUES
(1, 4, '035a32af71866b9c44aa2a7e99be5616363dc5ab370df1c3cfefcf87004cf007a1090a843abac5e7255892dff26301022c0d6905789921c720ed06e99acf45a477VTde03R73tjBCaTEAxCGgMRtBKop/2chBMfIbabW4=', '371f3dec0d47da8f924e0e0221d3da949724041cf038278bb06727337de0646ce18ae60cffcacd022816fc5a9acd5e41657857f7c7f9cd121fff6d334c113ed5Aq+vJZasrkwJ6VJ4ll2+Uer7T7wjGL4DrrLsKdgqWhbzICnNKKV4xthPvO+5drWCsxQSdDZiKzzRlHgAB9eTVw==', '2017-11-11 02:06:48'),
(2, 4, 'ac6fcc0effe5c47056a85f44535a85fe592f817e7f20661abae03db0e344fe1a40a78cc76c5fca69bd969594c13936378e1c7d8bb10c2d863bd931e1a58ec3fca4O9XLhKXWFqRCgZQhnZmYB9qCbHeW1rHZUvKC7J0F4=', '04249020710de78604679da25d24d00109345bebda919933d0f43a0e353c342fe88f2b2de096aacc719a6ba512a105faa1e0ecb41472b5b66d92f5371217e0146lnmx3tai10hvZttSLFTBIp9PF8xxi6wH62alfdCrba/SzfMsh31ApRQ0Ad0EgwBJHlbPmG+eGz+pm92BvWkIA==', '2017-11-11 02:06:56'),
(3, 21, '2d83c0504d419d634e407dbd988f736a557abfa036239ccaadd12ba292ad3039a3885a9f0ba8737a70b33948aec660b1cd93356f09793a6db619eae42939b3b43uXjourMqj8sSo6zjv8oHZOkcRsHgZszUDLFdwKtyHI=', '0b76df732bbbe8991511e882441c9f101e6d7982ab890b90eeed6826058f2801ef233a7c5bee6b29bee4e28aa8fa9bf3a7b1545124c943cb66d0347ebbbdc4fceyF9lHWRK5Ip8iQASgNPKH2o0coY651scPnGgzRrJTXGL2OIun0P+aHt0wz4OPRJhIdSGVaRKtjgYl2g32NZaA==', '2017-11-11 02:08:11'),
(4, 21, 'e8a4d587ea17fe4cff9fcf7b7cdd8df6c6392c5506ad68ae5f62e9e597c06b78daedfff4d6ccc38ecf913623e35e9fde46ace3a2024c3c28331f68d44edf07cdlp11zUyDWJHaZ3ru8FAX7+3dGs5KRrHe7tGbdkW3JOU=', 'e71ed691bc46466a54e72df2335cc7812bba9ec24ffb436687060feb485c774a1dbac2c640a239c26ef1f3bce903fe37de3adf53623d5c381d3b0119bbbede14KRXMHEKPsAej/7/+whKA366nTz7vc/Rt1AR/Hxhwk3TNm7gvV/PLXC1fiuq8Gr+r0rlM+OPTsbB3poj6u+B/sw==', '2017-11-11 02:26:53'),
(5, 1, '611eab842e798990e1844b203680a214d1bd55025f2f9e2a2f79f967244d202ecd02defda2c2ea6b4aa55bc4acf827723ae9144bda300abc027684242f3e324flak1JsSGMOXO+UYNjprMSs46CPADe1f3jlb2MiuqAes=', 'f5cf193f47d41f21683aaccefb27f9af451334fdaf8d716551dca994a6134bff5231ed04a32d62ea0fcfdfa581fc30713dc7b15288b6a12b598545c888de5c90X1oM1ASqbbO/KVU4BnysW3qHyGVOJDRoapnxcFWJdV+YYQy8PR2pLldLqmAMVz6VyRUFs6bw+7TrFAKFk1h6Ig==', '2017-11-11 02:26:59'),
(6, 1, '78ea1e2ecb912f69f0780177f807afc085c5b9f2763b1f5ef9e34c686694ebd5eef8b44007fa6215095e9b0ca615dcb3a0d799c2febed1c45f77e3c490ca722b5bX9okMOces5NVJAQRI3492Hlje2S3zhiZ2QJWEIkRY=', '0c1cc7ef63160282306ceaa9bb87c73b828aa5734c06fdb67ca30dd81c242149c21c087dbddc8292d06541aa7b4369fcc57ef9780ab6e6e83c7fcef7ae3cdb2fFyc4YT53F/4gV02ze43c59v4poWkrjWCy3zJ+sgtGEc3iAdmg4iA5S72Ve/Lie3/I3WS9kqFPp1XNCUQV6a25g==', '2017-11-11 02:54:16'),
(7, 1, '4825c5fdaef425f124205a8f26e45e4be21e6cb1187412e8ca812965d74e1fcd4ec08582de7387e8192de63b3a08b1230cc62fba7410833e6ce49928772305015Mvoc0PLznbz9+BHFUvSh/efBUaNvBSmYJ2Y6I+2qLU=', '07dcaaea43f53fc480e89798eedf051d4be893fe5a034de9915a60a93b31f72a68a66dfff856aaf352bca2871fb3b9360fdd442ff8f6d8a78bbaab0f734d0172cIoVpQqojZNwDc2bnycaC4X57kJ2VRd4qOt9di4Hxd1uFtPP9bjEwjcmX5ch/lfwDLq7jEreEF8TQWh+TuNMZw==', '2017-11-11 02:54:23'),
(8, 1, 'dfbd2d1ba9c374783734c10a829b4e5c4ec1055d4082474fc0710cd03df48ae4304fef88ecfa25933912b597cdd739712780ba37498971f69e7dc699d8bb8f37CpZhQhtgT/92mgraPNTDu8fg+DrdpzMKliwUH30ImEgyY6Xkg2W0avTnRNchfij+', '971758e4e7b50872fa854ce57b18ed7ab48ba2007965ec4c0874c0ff0326ca928f29b3b47e3210b3dace68a2f0cbf59d8dfb1eda4785368ccde4d30ee5ff1c1c0hdm/Dd7mRN06baSFPZ2L16db+PyrotSSLVKwgEwQeA2bSBKUQHrCnHwIasp87sRI3krSd9ThwihTWAy5TMfAw==', '2017-11-11 03:12:25'),
(9, 1, 'ac429488584243c75afd190de4eed0940819ff50f5faa6b87e49e05e9c0dfadb04d09c98422993495dd6fcd43af79d87661105ee2a0da79c9cd2b2ed391720f5EJfiWVTqck8+O5X95WXWfdrjcvppa1mqOTFj8x4TiKk=', 'ecf485415cab5a77c2fc8ca934dc78c074579e0e5fce8c70e532b476d7d5fdfdfe685a0d602666514b6ac46a63feb5dafd566cf777ec90d0df3b540d50d14b287arcTr8R6+X3E54IQs8ZCeY9yFnTrqcs/i4qsVvuBsHZpYEjBRvN5DTabGt5nYVWpTu/350ftf0bow+ZoddQBw==', '2017-11-11 03:13:25'),
(10, 21, '893cfb895c7e1d8fdb0c10b8221ef45b6f3b6f455b04d88144b62f61b4bdfed2e3005174a773db8cf47e63fbc043b1d50beda0910ffeca1d9263e74040344c6cXppj3NIM5RXevqCTg3vD6RRbMWlfZUtGogiX2F/OwZU=', '3aeae89bd3836bceb11fabfe5b47e3cc03d5cc04f6e127ccd4008087f69df18f781c38633ca3a2f8c7d74b0cbdcd39a658eca4d7a021c887c5238087740fe29dbvZtLz2H1w61JV0F/T9vWgCxmPFITDzVQe5U/tTzM/XaPRbHuLDlM77iikumStaoPQUlpK+hAxEJKqDbznwKJw==', '2017-11-11 03:13:33'),
(11, 21, 'f9db49e6aca4ed3f3178c8971dbb79dbe257244726379612f716c76458436dcd3f6cdad39783b19f5dbb5d1445d82e363d411a0efea88252627215241e16d2f1GimmUbQKcI5mwdYjVK3N4qMurRIQo0s/BG2LAVbF1v8=', '8a3f33129c9a82eeaa35257ee10697acb4bf152b27b84b39eaa282385877a0ca45ce9b2e087cc118d79fc3a3b87156f0a84b25b10159b5d5dbdccf3c1b2837a9mMNXcDTtLentzA2D2ErwSYekBYJBMAJ5LLMB492vpBccaY/xpmSlWJGahgndtPDTdQucdk3s2/gA93I/dJzdCA==', '2017-11-11 03:22:58'),
(12, 1, '3c3b981325178ac74829a6bf18c588cc7df1749cb0ebb86ca25daea02a9988f883003f068241bf904a25aa6cdddeeab506530870a1390d4bfb3e7d7d41e1049b5J24Hmz37E5Qz7U4RjMvhDoYFTldYzDX5TYjMAM2VJg=', '09b8b6c2bd786fb31eb055393d47ff472ae285a51a73496251cb2db32da1d570b7cc12e2c5f696643a09ebe5af40fc5bb8ef089896c94291ca423a09f454ad87wqppyb19/nofyfIcBi2niM/yh0lQAWfhrOmS0qVlD/Bm52uOTBgQlz5yf+3M8WBw/WbC137/bf7bL99PDubdQg==', '2017-11-11 03:23:03'),
(13, 1, '3fccf143a21924edb9a70f3442965c4fb29bb39931e53031731c416ebde479abcf258ed6a4a2ff43af71a9a7e69678b2cd00c874634f015e76e359847f8e67dcatVBYbaPNrAQFXPqHYriWU8HQS72pnXdHh9YsapWpSA=', '1a35da5031dc91f8a60083257194e409c4872d1d51826b06fd802177b3394c40dad440f7be6a3b74663b982607b72b4c9b7dcbb39d27b4abef5365b9e0d75d174j3Nbju4iihUL/jN7HvqIDPpPeky/eXj2I4g5Bonq/T5JZAGjKLdqlldZTpGbmvkFZmf11NSxChP3qsVqrH+uA==', '2017-11-11 03:59:31'),
(14, 21, '029689cf2a208d9ce7869b12595d8629d7271c4f30abe93ff36efaa7d4742d7f96fa1102ad09c5696031d6ac658974fbef9447ea7836b71f0be684e913d6a99bZnJPcsfPe8ZQ2ZgOKL77OWCL0yUiRaVcelUlGtHtqiU=', '0c51bcc62baaacf14d1e50e3043f22f01554deed25ad63e82b51c299c0a829286fdc602aa9d9f7ce8fbbd53a029a35626168dc60f43148b29c506d74f3319932UjVklMHEQR9GTV5WYp7WY+6WwNnx/a7yoiEjHbcony6bnqyPQcfJ3htftlgEzgqr+sYNUzzwrGtir2H8rYNVlg==', '2017-11-11 03:59:38'),
(15, 21, '9949d47ebd463b66975281b8cd6d0190d58805fdf001a6cc1ac4a0d368065d1d09e825b02ee33c40f73950e902f53dbb82a31dd2e5d40c990eadaa53fa33f42dkkXnt6QAbNPZiN7q321DWaLBqeVLRu10kp86TIYAwG8=', 'd8ff644ef7f40f76dc2a280ea259db6fb403a2a8edcc714edbec31aca67218f4612ea024e5bccea3714e6d01cc3537fc747d4f6bfeae281633f0834f147df688jQ69xuGWYg4Ob2f9O6WBlx7GLAyXYdBylX9aFOANUhpGBR+vKEmZnGntbfk+ti0s6cbomf2AT5xMoDbp1sxbbQ==', '2017-11-11 04:07:36'),
(16, 1, '80eee2552580db353575dcf14ea9cd588ccf998bb29f997b7d4b904b7afdc266eca08498f443b83788d4aec791ae594908d558f739fddf5b7eb92c21fc7d03aaPRIYQrbar2/7iDU47MTW1lk+PVw3GYop92+Zh/m7ATg=', '7c6affe4af8d6eae42be7728dfc5a9d7b71403b1b857c253f518d7089b93f4bd4d01cb4d0dba4658e5dc84095a0601e95efef6e878c32325b6a319922063bae6UAbkGu9nheyqnQwpDeiTvZ/FsBUTr73BEEAKHxV4zXXFevlhAnZAWP7Qj8dbbrNP5lN6E6MEHapaMrlA0oXoVA==', '2017-11-11 04:07:49'),
(17, 1, '888034dae27a793fb65d7431db41d00a8ab1b6e5496eb4092e1e39742f4afc465aeeeb8aebbf92af43298fe2221a121ea8e9cd03636bf9f00f4897b41bfda895CEvQxEiub2p4R8CT7UuCn5DgxNSA2qfMEtqhXMP7cTs3OMwUP6O0AMb4n9GiRuJs', 'b96a8f52458584d209719cad7796256edd1b6663268ef8218c63a6767a62596b11942d3c63d6fc9c43b6f2640c9de4a7d592b132d898774bd54c5e8755ccceceOs9eqHD5iOhCZd/sZ2d/RupMRnjJXlbdH7hhYDCoCgqKDy869u4UueruHIdbr4eGgv5kJIht02xYdBKh1unMoA==', '2017-11-11 04:08:48'),
(18, 1, 'd329bc39216f5762e6e1f08c114412476d2ad4dc5254c6447eb7bcbccff6c07ccd801346180283d023958d1764bb2dc45f4e0eb940326e79c3b76f95016b7ca40w4q5K0dE+pRDCvXp5RlZG9Kf+gP5FunOHyuzeltrj4=', '32aac008a3e395f6fd64ae30cfea979c079510216a38e8ce475fed44d1b05ccf7f9ac082617998b17a42f1e54153e2bdbcdce7e53785a328c10c9a7e83b1cc47kiJLN/c6qUKGIpZAMtjJZJm+vuJy7CWfyR6Bb7yCU5NL9iG2b/v1X4rUQxN8HGtftfrI46OukMZbaEDLWv0GjA==', '2017-11-11 04:09:04'),
(19, 21, '467d47089193e4b725c59058af3518360f504347bb829337c25ca36a6bec2ea456fb172944b5ed806575b05b752a753ca27370bc036faf52bea0bc7f400d27ccM2zkhpopSIgAl8VbU6yFYDcK5f1pGzet83otjiRf8OA=', 'bc72ceb5e944dd9d6e7effb9a93005c01332791d72eac09883255889e7aef009eddb7b2cd20fc2ddc68b7d3153535e953e73517f8277f783c2839cd36fe13cf7N+DdCp3PMuo6soOzW6rL68upJ+Y/CYhMaN5CLgSdN+gTtvmuD0FfsCEAL6Ygvjt156q5061pQZu9yF6LvYQsmA==', '2017-11-11 04:09:11'),
(20, 21, '3154c183e384872be07e3e623e7fb1d232945232d8a36779157f84a3c9fcc7a6c27473e9c66c6dc6b1083629e2a1c6217f8e6ed9be905fe0a7b17ee0541c8442NCufgMTMoGPAb8kjL7So+esIeYQjbbwmsU+h+IItUwE=', 'bd5e75967204656edaa4a49835bf71c00e51ddc44720a08e5a27c3a160eaf5f4e2cac9ffd58cfd79a8e27e8572f76bc2aeb6d2a24a1883a8e43813faa70edb03ZQ8T92vDYd8GEMeAIkCOCzTOpadKVrGDfxlF72U5tPYaovWLmZtlqtSjWSrFJ99W6oWM3/wQE2ErN9R36vDJjA==', '2017-11-11 04:33:35'),
(21, 21, '2fa0f1bc9390b9935a7df0283070673ec8a114aac78362974e3d7f9df0f72496773eda6d6348889803fb2eb2d72359e10e5c00dba8e6366683809ad27802c6edl4R4Y/TW0jWBt7+wB/zyRTrmSkrHHYKmN9VZdfbf/HQ=', '41d541dd8423593493c743f3581d10bb4e130e29e5051abbbd67e59276dcbf7e42c02217a4449a4fe06b5b3a3c4c9a84e20c2269da6db3f20188523d879c4302aRXF4q8bbD/74ThGAtjNCP+gpjTnuLWevwQ+oDGtZ4vdkQB+xDaH3cOHAQ0VS/UhIBqYtyrzRHr61lPhK7hjcQ==', '2017-11-11 04:55:53'),
(22, 1, 'd336ffd0ed99f7a755598fa7445c04652eed9fee362e8eeb8d548eafc9ee563abb1fd060aba7282022f9b112c378a75c7020635cc5de08ff1afc15bf61b39f27Zw9BVToKfX5C18X/ApNYoLTyqTrKLrYhyYuqyVThklY=', 'f9b3198ad6121ba216d0a1bdaa3f1d468ca192b89ff84502b3b5ecaa8a39b1a10dd5dd208cf682ac9cc156d79d164b172bc5b6af574a885b8357888347f646a41yXTY1PMA7LFIFui7cDmJcLvyS0EA7ZzxvslCeI3UuVM3KXyMRBkhdwKVGTQwL4LF0US4eZ4yhp9d1yqZpmaMQ==', '2017-11-11 04:56:00'),
(23, 1, 'fe54add883d69d0965a1332ad87a1a6128188413fe72fb42ad473f99a4dccf9c4c48f884629d4a90f384800b1c4189222a50961f24b83b132143b5ac302e180f9BDeHzDhyeozMOuE+/5chHhvLAgz1zWO/xIX4g2WD6E=', 'fb7681599fe0e0fdb9e74278cb00cb379a4a9da85b017b3987b125d8027b9fb92b16b235482cd2498f350885fb8cb5d91d6200f47d267894cf4279d339799892JmzpQ5C9IwIEJ7OMKEB3bhYT74JSrueUi6GPxwabU/G4geQv+wzw9CwO3PKocV4z7yWCDLH7p8khXdoktRQ5PA==', '2017-11-11 06:15:21'),
(24, 21, '4ca220d2d6c5bca629d7586e32455d728fd1e3ce7382ac9b591e67b4d99b7568a9d8c7bb5e1c273efb39338324f90b56b53e2559bc30139e88f283e59a145d0eyFeRcrf7dtI1lROiVuLe9XsOv6FdiDwZ6dyuDB/XXxs=', '7deb1ed26222747ed6323c1d570ba6a7837f2c2acdfd3792432e9613471b33d5c99e73bac8a33964fa20199c7948617bfad6bba6a0d8f79d006eb0051acf0878D8Zw+apcSuHOwm5R4uKk7cvvc3aXDU4h1OjUrD+EgTI+g6Qu47+d4m4ZIFarXFGmSs+QhRNkVe+5YALQjDU56w==', '2017-11-11 06:15:31'),
(25, 21, 'fa2c7edbff3197f3ee9c2b257c63a4d84ffd7ea7e1c0bf9ac660a7ce54e2769aa2c773adcc24ebafd8e99ceca5a941c8af6894b8a502dc27eef84a0da026cfdfIBqaMfEYDYxLlk31QCVcnpWx2sujxizPhE2XO33vC6MHmyIarWzARbSJ31Klkwbt', 'd47e32d1f12a409a87f62b6565a41da2e2dd86754bd86acee08f7cc16f3a0240b051c9af9ee7991da50b2f0a7ceeda4925a4278913952724e5c666c0cdc4c9efpuFB7MxkXEPaUTPdIuFhp+bdjnq3UvalgjNoh77dlrp/nwoU857h6fxXDiYI1sJ67Cxh8NKYBnEOd0IWSWPqXA==', '2017-11-11 06:19:40'),
(26, 21, '4fd37194e26ac9c76cf5095fdae17bc8f583ef9411afdfdede95c6a60d79af0845b88fd0c367167cb76587f8fe801d6d704a31937dd172f6e06307954b948bf1S2k8dI3yI/s8Nc+Nvesl4Qxf/RfkH3odI0hGidtejdBaJzpofTN4jVK2L8FjY2ZE', '1cadb26312fbf7fa998d54ada43c45c63c44f2f3e701e98be0c7e09487838b196340cf1e20e42adde849839bc7dd77e3649f0a0dc665caa5421d12fd58cd22b3hrs005q0xnDPzWZ8VwSDBE4vFbfro+E0XvD7qwDL25mB5qBs8x7mf/5ybvoqOfex1Bkl5HD6aymg+OdbZ8Kp+w==', '2017-11-11 06:19:41'),
(27, 21, '994ae531f4c45287c15bf15db03a3ba0fcf09b86d96937861d0d293fe19266eb97dbf88f119fc226f79c226ac041b3fdc1a686b3a4572f5d6fcdb5e98f7631b81Ep3EXxP7qDfkeW38CVofvgVQqhUKI6lHtrleo6IZsBOpdo6RueCMzWhi4ig8XEf', '2746d576d970fc730684b3715891a56c54ee1aaebd1413a225ec3e47971010ade6ee72bc3a50f9e749a242f21c22338fce213c0b676a388cf3070de28fbfea44iQqn71kgvd40AZzynUKo8AEcf7WbOZ6RNt7jP3GHQqUjdJ5TGyoSQGtFneAtJ5fLQOpCGY6MssJwjatHddltFQ==', '2017-11-11 06:19:41'),
(28, 21, '0be0be2ae0fa84eba2381a05c58bcc4d189f4b1885e489d7c12959cb375777f9f28919e8b9384363cf6becc36a16e9c69b119d7c72229a2831dbee82919fa2a6a0nAl/kMiuTwpAl0jowPVPVPi/sqaohCpLNCl4g0okZ3BVhwTl693Y+6TCvmkPgn', 'fc9d9ff6dccf36562ffce6bd4b69459f089884881dadcca9a1d25c8477caaf6b3245cd592fbef75201f70603ee68c5c67e285d058d0ea0a23ebf99337b90a429W+eRP0AtFpsCQUlHPu9qF2JFHLJ4xuQwXpWiwK9Ehd6uJjcEZ80opyNAykDulBU4LGhtzyg/12qAdr7TL7fOIw==', '2017-11-11 06:19:41'),
(29, 21, 'ec64f53e043f69b68e29160610d4a197d92e8d13787d51f2894cb5dfab3281a7c3e486c49d0c552814a6c9f1e32cfc788d223a7924adaf56cc2198da14345aa9FYM8qgyIQnGTduAqh/WilqzPGmAWWYfIOihQBbt7KbE5Af5Mo1P/JJ7dYgm07sDL', '900a36bbfc2fe6554c7ab37214e426639001bac7dc5b6fa5b1220756c927ed32733f9f281926cc133523b265e4485ccc53f2cc963db04d63e8e9503befc74be4i2KiZ+7hMmcfPcMs+slejDMXPfSgNYqwMxDTiICYIIbm2qNIEJ+zXCEtT5xazBVaUq4Jh//8WtdIW5eaoPixpA==', '2017-11-11 06:19:41'),
(30, 21, '0209f25fea0864f479167594651b3179356d3bfb8550acff90e66f323ca1477dc39b685af916536ca939008e56242ddd89a4df8f62660f826a61a47074585d4eof5+yHRLEIOPPTLm9dGID8iHPqfKFvzio2FkquOd8mcckm3A30KUVg6Z04X+t3wN', 'e0f8232bae4d9d292ad5bc31db6bb2e6fd5b3fbf675bcac07d20c3e6ee71edf64f2b4b03c5757ef15c3e28ce519c69b290c6eabac06be37b6de3e5199e92cedeXXyc5/+JnzCZg45Z7wpLZ2GRoYpi7R6vZkiXsc5zMXOCRvQKg2fWKgjqiZxEWHDkYrIto20+4u+nLQAhk5YceA==', '2017-11-11 06:19:41'),
(31, 21, '1911b4fc7e32b2dfe5fb54190ac8c35fc0d4e153ebe454c606f8b4f696d115529456d670b6875815c6b3b5969da1ba78fbe6d07a0d6b1c4b5b89c53362a7d1cbiQj6xUBKMPaa6Y4MwphcdAOTY6RJSJSNQ2ht3a+xB1a6/c5awC53fQ7wfGUXALIk', 'f57db17f6aa65f3bda79a6e0a37b9b07eea8f4985f2a19d1d65cee80bdc06d349f56effb85e85716ff9e0f69a3a1e2dfe40236b03068cb059767c4cdb7b839d1nCZ48agq8jS6Xlp36lpqXPBg0R+ythQ0mS9r5ZL5V01gY3kOV+tn2NyTck5tBJ6CotaeEVJDE3biGVsNG+KGYQ==', '2017-11-11 06:19:41'),
(32, 21, '12e0885cf3a3f715419991c0db8cbda66210d876e2dfb660d6db6cfef1875ea9fc0b10ab05960dab130874532c17067f01f88819fda0dbbb1c083b1013e840aceaikgwxYuq+jnmGPE+QCLB5PVPZJeWJlTWO+YtcUEYe2tD5ZhZQUUKNpKpLLglrz', 'd26bd7833b59c236860eb148c66f14fd27f9b5cf9b449a459cd0e6a39ed504248c4755af576265c78a02173c0d71a462d2cd3e08c5b19b17b934367f0d4c3a4cCAdBbdgdA40s7zrz0fYkpAawB5EBRhBU6evTrRy0aaT1zpeQhlOz/ctMglOO1tfdkl8XYU2xGQox6qiAXsakkQ==', '2017-11-11 06:19:41'),
(33, 21, 'e89a369e89b901e31a2aa706f7eca22813260510b07eda485bd555a84c0a941238c06c21b4f3dc91a0f7e0f1665f968ffcc78ed60a4a18d3d2d139f670648780f4tO2p6Yv48tB+rlBpxU2rKa2u89FhPtk4IdGBTjTnZTgFuzDpyEmb20ayqSyH2L', 'a64a63143a66a48d11bcfb331f1027a06af219f1ff4587d9b5c9c851773003dac54c3ead459250619e01c11c2897a18157bbef277b0b9f8ff98fb27ab6a7699csD2yZjdvB8zXX9ShkNj7vk1L3v1SqylTU1vbTY9lhQvgkwwxmFd6eGje26coAh1SQ6Ub0XVJajShKK53FBCu5g==', '2017-11-11 06:19:42'),
(34, 21, '96698497a2324b4ba81fad212d49886d62f1046accc9a01c61c74fd525f63dd95ac20359dd2de17fbe824eb6b25bcc9784b97fda3f532ff0bc78bf430e78e8a8AeYvjKInKIncGNfFd56B+RlMG2QNfDjrYfzHG2ADVxKkwlI6uz1kd1jR+vyD6urZ', 'f4f39190b6bed26789b9696a103332b3bd5fa45e4674c8f9d4dea9793bac3d461ba4c19159a367df1a4a27a90bfa180bdb57bcc8d54f364a72d33eea96a3f98dbiP6t8AGZey0xcrHIZWxoQ9sd+KZBdi04aWT7wcpdTwOvfbgI6T+oW/dhBwa7UsoSz46wCvCPH5Re0bDXgU//A==', '2017-11-11 06:19:42'),
(35, 21, '04979e212f0dc0e4b79e6df9cab16a429ce4dce2ede490513ac305e5f64e841d533ad02b45002561534042203ce295a779dce6d1860e08a438c2800789ff73d5boCAJECDh+oZFCGbgkM9k9dog1jGXVnc4/T61D9kaucOozmYDhJJ9LBifzUyVhyv', 'e00f1e5a62224b610a1112f86ec068bccb2c3d211755b6defb0a0793fa1f06e89712356f1ebe6449fb69755e832ad1c183bf0bc2fad46a7e1a1e7bb59faae6deEqRc0ziGnNe1wJRmCnHyu1fbltMuiMAvI2Fh819vK48p1sqBrMun/096bqcVDnXb+cOO6g9E0MZaIGIHrRp9XQ==', '2017-11-11 06:19:42'),
(36, 21, '7c0e2812f19977bba0b6c6e159ed5151d38910c708a9241a1c2dbcb0159c42000d6013606d697d3c818166abb3cdb3f3ddc612ff91397b94032d007a2630a04b5eJAcAai5M8CBGVieAK6Eqm1OUGGeiuVhYg//pRD5TupBZnOsuiyUpbMnSlV8wX9', '627f2f6253663f17c884d604ea08fa6df3e912d17ac79d9ede9795ca7ba95114bb4cf26111d49318159e3e914f58f2470bad70449c9d0d5d09490578279cc5d2SPhyf4LuJRJfin/4WM3F4P3hsH2DxX1QouQCQ/MLD+Fa+sAemD+2yXyHCO1m1mGlJwr2/25TrJvRIOm7Dzi0Mg==', '2017-11-11 06:19:42'),
(37, 21, '207c0f01fecada7cb544a97381c8c6fb7c724d636d76dfd110127d0983331490f30fc9d14a57bcce03188d9ebb8a83017e9ad568b99e64bebdc9eb5ecb35d78fGihF3p3JAiCB2p6MP7QPYmjewbnOu5i2YwdWTju5hUF3NhCmjq7rGgOYFsIaKwo/', 'd5aa96bf2fb08aa265f6487107f17bd7b0f6af9993e200c54f56c0cbc29404201e740935469fa9e2259322a9b1c77c11afe5ac8aaa670b7e659e78dba3c880c5FSwx+onqdxWnY+70RYUyZu1sWpCbyQ8iVdE20Lha5K3d+Uc719r7yLimemuUUoXStjcT6T7+3Ohg1MzxQFMZtQ==', '2017-11-11 06:19:42'),
(38, 21, 'd913696176d8f720f6e4f7e4b8e5552d46a52afc2480f1f6de7a00cdea3e61a0cddf83fad824e2c4c8418e0d3b8b554f7b7c4d50c3bc2d391a5d5d0fe41ccc69PDRy8NB1ugbQ5iFi7UQqILLs/cEap51qZq1/fRaUpQXL0j/X8zkX0sRF2aIZQxtg', 'b67882d3e0260ded469c5932397d036ad5b2f1b92d62af0444b76b1f55aa8eeed89bed03faa6736d4a84ec596e0e512f01175cbafea9976f8d16a83e900c0379S1dor47TVXDwbc4ZtVJMWqFs9Faws6RqXE6UJtuMKMj1gwoDU+PDVzpCc1zSwHyrj8bsxRx89KPXlWFlHca++w==', '2017-11-11 06:19:42'),
(39, 21, '4c17b80427d09edee8a1c83fb11d34a9cd6d00336cd8341b15bcf2f4a226dad2812c49ff159b2717ef93a2e833d1b7dd6ad5ad56e50fdb737846b5e70f104083JF4SOqCLDd9s+QFHWLRWUxeC7Hu9k6YXL6tXf+ADzIeZrliGj194WJ6vja2Wrr2g', '26425bd4276a7cb9d067e035a3df2533218e2c5125cbeb0fe3d1b8b9ad27526cc4c986eb30dc0f23548e5d2f83839b9d8eeed7286d6b7e3e5926863373a0438dj+vYZ++0y2fI8K2PIvZITpZmW3HtdxvJhqmqq1HN8SSOQAUpvodo287O3P6RGNnmYhxJ3jivSRc+P1omhfg2dQ==', '2017-11-11 06:19:43'),
(40, 21, 'dfa3fb49e5eb99c26449a4e3052a9800a03f6508beea2da1cc12af0bf13be1b95da2cff101fc836babc38ec39ed35958985cf1588ff4dc039a43658d6511b975uV89roo8sRjt9bioR7t0Ttdn2QNDfmRzBGLgsxGOlWPDMmqonplJEHIRu9/OLz70', '2fcfccb251c6a7a61271ff93df5d742dafc77deb2c3da4e694fd32daacf94bf67f65c800515b2e4c0d192920035aeb2b6d90135d81f96599ba5fabe2797127aaA5V2zzJpUYWIhGQxT3UacBGgAYmuPpLeKZprIxzPVUThii4K0ftWDiaodO3rCaK9504xiJezj/NsW8j21zmkIg==', '2017-11-11 06:19:43'),
(41, 21, 'd8533f9532e691dba6529c0168713ba84d68fd94747c9ba6fd85ad5ebce3403a1d40243874734b174779497f367a0ffd2813db80e934c1a27899d89a490d7dcbsugoMIMExyEFqWbQaHDKup2Eoy957OmuUOYNy5LsNrMKGHrZL0TagjWgqK58PouF', '7cc3871001b430b4f1018ea528c1ffb60e062e42a1e92bd666120868563a0ad90ae6e08e20ce6ab6200b0a7d1c966a8d430e723461147881b7bf90b33cabc5a12aRhMkGAbet0OeQJGvmemigs2UGaSJjr/yo9evjp9iGN2hz6EwX1z/hEl+jRhkSXfz/db9UtruuN29JJi88UaQ==', '2017-11-11 06:19:43'),
(42, 21, '3677e84d6a87d9b62f0ff09837ce282a89b95b0f4b2e72fc762893ba4954782c93daacbe880147a62db83e8b0714b77ab281c1703f4cb5abbbed6bc00a678bedT/c5UcOGmDrRzo/COAxE6xUht06xwOFkkvb/qQYtn96qNnujKVOG+hNaZHj4Iz35', '25d7e6f03772ede42bd9e05e3f0ab8cd8426f1203416d13d153ccd54f9eec5362f20eca34fb4053842f475b74e5e7be8e1dd38141e4599c5b935c417ec6dabf9woXnQ1HVPzcRoU6OU+T+wEdwphgatIpMpXHfxK12z3VvXrG6BiW92uC3RIrNpxTLBul+/hScCXxT980dDsZTFg==', '2017-11-11 06:19:43'),
(43, 21, '85ea4c314ec56867899975ef96e94c5d997ab70e0b920e24b8a5c8d8f7b35bf3dfce1a510a97f29682ad3c9ca36fc27f5b347634907889b8d0b3cbf5ea7e27af/MPvjYwLagAsfm9Spcw3t+8ilpfQtnwT0uNQNuui+8LPdZY/YjqKmDJQ3If56n4S', '136f6ed08a6ac379205ddf94a588a922df79679dae48a80eaec5463ae4c4554a241e9ba77a9a0544255bb6f1933b5877a4fb20538cefa411219628f32be82cb1BEdWJfO701bz46ejTlSIzhzv2TcNV8NCnD1EeWLc5/4bxrTAPejPil81pxuGJcHYhe/a8d1R88dRBdrUY4iMHQ==', '2017-11-11 06:19:43'),
(44, 21, '03b8de7b0c8681495ecb46957ae34827995a8ba0d36339a09d649813f4841ee96ddf3b89913acbd0d0807dc50ec7fb57ddac02c97096b7fe8bb3815f9cca96939ucRkIMB5F/tK5ZlvDRC3XKsO+X4WGeRsfFxBNvNzfD2BR0A5b/ezO1FBDpcVrFa', '216cac7284013cfa40f807767b0a6b20bcd426a66df3c498f643e6320987677e1deb3e4bb9857b3c7666f7d8bcdc8bdb3b2f85b6ae4345910d30ac5ec27029796ctCXbtCLPbzkUudP6WKeQEEhnkGN20km/+qB3fUje5ypA6p5nST/u3ZEsa1hszFZHWz+F0eQ/6GgySQ8UFvPw==', '2017-11-11 06:19:43'),
(45, 21, 'a546d1faffffe83d69f01c893a0fc018c0a7bea20d9cc274f627e2e7ace9bf8ed9a413bee8cbe74f6f4cd7f9c8b04bd89f8dfc9a6969d634b5394ff6bd0dc50aMEQ9EMnZa88VZBwY5yDb3j+H5hcE3yR2a8VJmTCCahlG7qm2IlRbXL7nbFXBZ8Ne', '90fde12eca8070dd78322c1098436de24baebcd9c1f18cc5fe24b606a165332b084a032b4e4ef394a14b230b2baee0d2855442d9a97521e105daf2aff4c76438d4oxeXaH+gI/dQMwVbr67piHb+geSd37Vx3VljJF74KkK94epIwSjMykGr0yMPqjQ9WLtNbpHjNc4voO4mllVg==', '2017-11-11 06:19:43'),
(46, 21, 'a3e12c792c30847cd5e6c7bd08ee2e192bb91b944ea331fe97fc639d167a4d4bbd70eac2769910427ae1fceb473cc15506b58d8030e58072952aa484e649f1a1Rxg1KR80Z4a/BkmlygnqgNZJv0qCVTcrCiAPFjc83nmyJLp5UbXXqi0k+Z3oK3Z0', '3b4ee720022712503ce52aa5a0ab46442c53c1567fee611ad382b29866b4b5ee93553d04b6a5e9e72059fe44a42ca1018bd35fba188c606521827d238c90201epvDxIpKrDemeGFm/mpq9zqyOoPe63wBrueBpOMGyVkU2pONdwii4qwKW28G1P/zmZcL40jgmGVjpFC1ltv4amA==', '2017-11-11 06:19:51'),
(47, 21, '4a5696fc1293e3cd28858ea3b5ea6b07b61ae7a1db403a6941d100a382e42690c32adad1b1dc9279c5ab3ecdf226dfa8e2d520fb751f17f284866aa8a5d97b200xIUggXmfy5EVREdgOa7tRQRorO02VQzeAUOZmPHFgnB8BIJEEDhm/1z7YxeiMIm', 'db4ff0df312abe25cecc30db1855d9ba09c4d5a000224a59800d391e976ea7340b5201212d4111b9c3983beb4326f6da7e2ae04c7c8217206a17fdee0a9e33b1Aa5mwAoiNt+YTL2SNEAQtpmad7NJuKjj28OBKeOJWM5jJWjG/N1+0VSLQ9JJeGzT5dUXN1UZeIKAKRvstkRDCA==', '2017-11-11 06:19:51'),
(48, 21, 'c0df26d788fd580fc93e05f02f8dcf1dec74053715c5f9eb247b60fba1282ee0ca2168015ae7277dfcdbbd18171e8f5366a731b721c7e370dbf9990eedb67592F/4rm+xcZxqHoRS//M6JagdtpvE06Ue3kPO/eVABKIwUjS0w24fmdjZyhE1bKU+1', 'f019b8f59c687b76f578680f87dd453b4f8ad2726ea9c84e6b237864c3d084d570040f5e1b68304722acd3e4577ea7209d0de7b158ce22932c6f24c41cb088d7rQXlGK3T77z8T/jwhg8vjbjqf8LT6PJQGLB4E+8HD32GE/nfc8krpaXiq4VhfwqZjr1pGISFKgEFRpimIJxTnw==', '2017-11-11 06:19:51'),
(49, 21, '94bc6742cbc478f8c2947667a94f130d495c4cde4ea05eeb4fa150e42d0a5154e5bec96a228dedfa1811aac9f736262e0ebbc40553e497dadef76d3be3e9ad60hlqpQSb3HxiwQMjpzyQFfJx4bBv2mexyxYCLjzlJsZdw0NapZNhX88jTUMY9k8Xw', '5063e5c3639348c2ee60be9b7d2960b85407d9ad4b9e5152dc8ed532b7f789a6bfed7c73d7562a7035e873651e75e07e87f1ee95ec40d9a607cf682ffa68bc48TXtGh96d2CM98mPcThiJVtz57c54rg0yITDmLCt15ha92fWXZ4uM0hlchLOWhFiT3vBSg2tuXYuaMYrZrOeotw==', '2017-11-11 06:19:51'),
(50, 21, '018745bf7a4ac674f677909ad0d38ba691eda99390387fbbbbaba8ae67397c12065f2ad9503e99f0030c4362fcb10e66b4013a0b2e36d7b635b265b016f98606T+X06z73ODXflcPWUFtyE/wIMlZ5GLWptgRUIQkVgQUM0a0+R8HI7NOSGbXw8pAY', 'b07daf566ee2288f4518e83587a83b8cc948d8a136543ca9afab7a0d91ba73a4237adcc52c0176486835ba8c4cbe15017d77b25cdbcd9fe4dee2d1fadeae5dbcGnrbAoLc4VrBx9L0LadpH3U/QoGsky6v5lV/AhaxvUHXTsHqKaDX1/EDVOAETOXJvPloJJGhzOrAnvD4h2YU/Q==', '2017-11-11 06:19:51'),
(51, 21, 'a80d2ddd640749c98a395d69ff4e69b65b8984363c7b3b92d568713041b5b9f56fb3324f7eac4cd6a8de39cdb9cc6dc1c322ab4d31c82ed68792686c49847917BKBytGBC2QaIq/W8huFrepEWI+lXwnoIqJIiQ4KpSHW/3XopoQiklkUYe0Iwf5CS', 'd8fc0e5d5e9a202d3655844467d66574556fc0c96939dd84d85e0cc60714e96c19f99b238143c9ccee588018de9e9e0f100bac201dc0e958ff4f36195a9a12a7ErVCpnjCMnQ+jgo1Ku0F56szpB6k3DiTHEjm3/7Z4qm2Zrq9uJwlYkqpLO4z/INdvh3Uz9MlxBjfdJN0jlNzaQ==', '2017-11-11 06:19:51'),
(52, 21, 'd817beb7f5bb68f3bb872da34e07102de661cbd2c81a399d116e33e112a3593d5d57545d5cbd7e2be5f93739b0c43fbbe9b4fb9d9749228a46dda49ee6ccb792zbG+hwTQvlTJrF0VOkm17vy23CppilIu9Iz528MTPecWdTxmkSQJhjqRuYPhNUsF', '899e471e3a18f795b6da91397348a39fa38cb5ccfc5a8362d351ddc90277e7fe7434c28d6a19b38822bae60f5715d003299d7238aa93e2cf113655bf0d88dca1jn/PDgCMfFkTIQHSDH8sWOqaM7hugZm3PzgTCaDtYVM/+kU7wJ3qYyEmo3rdkVo/prC+oTMdiIhaY/ccGhek8A==', '2017-11-11 06:19:51'),
(53, 21, 'f93f3533f7434b8ce6ea09f3bf8ace75abbd1ed1c2fe85fcffde7bff7b3facfd2be707a4d027e3747636a017cf3474a3a88abaf9762ab98010dacb576f5090a0N4rc/2eJWg6L8Q0cZlHpK4h3oJWslJIi1sJJOg4ky/d3tzPMUxKeDS1X2chRN7SB', 'a0c570faeaa9c65ff135971f7c6fc89bcdfa38e13735bf3e52fcbfb38a94a42c33f9b8ab219f19fa89106586c8ba9d5483cd1fa07f43862101dc7949da640ef3/UE5fVgEwt2clnJkR2oLXWshjZG2pxdFmsDqADrR5OBR5kAdKbcQ7wKDPWw6M2rPWGDyLrqDwpfm84lWiRSdLA==', '2017-11-11 06:19:52'),
(54, 21, '8adb2e6508187a6d9b5d0de744402bbae717ba6e33e890fe98bc485bd939f409f2a06f5a22089a872657cf8ba997b1afe84d2e5dc08baa6afbeb815ce4fb8fe7GhCfHGfDTUKc9zkAaMYJrzKrw6ydXJIkdITeTxPWL+HpJZdWu4e5buFXKoHmjALF', 'cd7e81d0ff10d1e1c9ccf15b5b2de51b7c39671409d450ddcf2d65caf1262301c02a4d227698f62e1d81835f96b3b72e2063a2e90a23f4313171201828a13050tEuU4FdQZmw4bLUs2KplTM16fW+lLLwHE1xK6ord+oyCVeZMNRVqGCmbLS8e+xDgPLIb7Ych3rjTRlljYZaGQQ==', '2017-11-11 06:19:52'),
(55, 21, '3800530c7d87dd6a6ca15a3d7fa8befa23e2c382b26ee9e90dfe1a4911f7178e97283f0ac726d37f30325e7f84c4247402b16ec5e929ce945fa29ce2f1599159OepIF/QmMBQ6YDjK4v6YeG66RbM/x2vL09NltMd27p1ZjIbrdY2MwflIrI+JNWha', 'be7305a09efb3891ab84aa89d2aa3ce02c71e22eda333d1d7d553fffb05f6d3015f3f3435db1f0736efab0477eb664ef6630024529e3cb32c798e367da2867bcvzubF2hOh1hsgHaus3m/iBQDbMaTG+qzpUJaC8w3/qfl3aoWTy7Ath/emD+jzw+vtzrlm0RJ1NeT2hrAbz76bQ==', '2017-11-11 06:19:52'),
(56, 21, '567c29c4e71b8d34d2944031ea624ea84a39c3cfec5634b7b55572b5f14f30e85ec3c3ddb885266b0f88c9890a3a13266703ce6c0d56eb52ff3270caedc69cb9uE3PCugKnEEiSeGP6p082FHFnIDMQoUZbWr2icSPYXt34kUQ1m5KJg4fkkglSP0c', '99f24e4dec5ed81e645fea85c7aedea103d23f08cd1b414ea7986b4127581738d6ca7f3110176b01f4b3e2044cfe4979072a07757f7ec243359325ae3b07f870hcnry+gEGo1bTtVJsgGz8AD+vgCuv25w7LjNicWJF1qPafROv0/y/aPs7STzFRUlvx8FXsn/k5IRFQOXTwCNAg==', '2017-11-11 06:19:52'),
(57, 21, 'b4bc4ef466e0b91bc28d6c034aba595b2672bf13864ba84f33b97f17ab6347b34126c9e98e17cde6b2f0c2659c30fcfc34e34bc695259972da8d1d83dfa464caGMdE5EAhEl+FsIouSXpwUDjgxlrar+ytPJOW9O5lNAoBcKn1KqFcWAutNgOEs5aR', '37409bc9e8142ce4c77446c9c2064ac36a5a30c4db7b082f5ef5497ab34bb0c8e897002f082a4fdaabc36586a10d705dcbc8f50ca555771ebb8f83b147bc076djw+5bkvXvUE+zIiiwSdBK00OP3iRH96RCh/Gw4DEOy4WKlDqWuZUf1LSyJvJtJX9N2BIll6mc2CPSntLW+JOKg==', '2017-11-11 06:19:52'),
(58, 21, '5966047e601b19a8f2391638b3f8d0efb0942e425690182054a5e9190b9af583782c8d3bca677a0674c02fb354e66be43b0331a429268c9c6200251eab0d512423nnlN42jTp6vcGnXsrLFs8Vghh7VFxFxNCFrS/0adhQMCGSrzk8L7IWOl7c5suO', 'b5302595a771c7f4c4eda426e77df59ed3afc5b72caf6123188bf8371fe3fc3e8ac34084bc152351e6b6c0aefef91d925a6ef17ec22f6437a3fb247cbb504135RW7LzVsWhIjbTDqY3vZxyX+6+wAzbe11yTB++FnZ862R4vl2S5Hw7DivkTYTG8CX0/+RQ1wk29llRESP8Ca9FA==', '2017-11-11 06:19:52'),
(59, 21, '37643b68ff9f746dce694ecc10ac8da249ec64f306bcb91cd302f6ddc7bb9d09a560b8dbc26a9eeaf52201611be6f72304acf950775361ea1a75ce853ece2995eSp9njWGAXyJcwMfXubrrWZdxUsh88zLTA8vHo7/q12ojyIC+z0W6mN9gQupBC1Q', '0231cf3196a4d93237167f38562abb369458fee70cd2c0383fb4ffdab35516ff1457c6e6fa81dc3d49dc8b0459c5455c8beb4086cd3eddc8aa6ae9e73498a2d9/B0V61hw8+cY8InVBp09WQnhyawAoaBOT5FzyYRlq7jVAiYmugWzS9lSj5N6eLg1Zpc7uVtXzBm42KXlk1NsxQ==', '2017-11-11 06:19:53'),
(60, 21, 'd90e57ef5cce6c3c8536a5747d85285b9b28854b35d5c12c924d30c74ea8be61425fc37e4e19bef7a4bf104155bcb320a1700ab5367e23b46d786b4ec14ecf07q9AIJvqdinfIx7Ppr7BKRAFO1/se/IkbvfT9lmavuSzpUoAVmxR35CLUz0uewwjT', '1be793663057b4e84292f7e9b1078fc3d4532dd3e4eacc54d8434c46abcb14ed7bcb8c55bb4cede2b21c2564b7489f0654bc1d0882cffc54a1f531a76ec2f370x7NKwGGUiHmfev3fBp/t8QQLmgwE70UWfD8FTF9AzHCkit15bdkFZzCg1XWxJC4M4EuFqtRpyUZbhNO7xHLZHA==', '2017-11-11 06:19:53'),
(61, 21, 'a020da370cad25f8dba7288c98a95aaa947ed1825e3253dbf12125be96310715049d3de84cd6f838aaad21e851d05fc8d23ea22cd68a7b46ebbea60dc395c61bdyCHstgzX2YM3FpAnnuzSIyAUUWkNN0UVA29FEk9BwDNGockh5+cctwUJ3/4ZLu9', '187273bb2de49c0f575594f79ce95ce7911a2aeb6d8509b5bf99194782f74f368dd5c177a637ff2072aa12eaaa7bcbc3207a0108252f184c4c8ca0a749a9eac3XeDfSInqH+uSvgXdoyeb2qsEN4kQGREStJiv+ibQ4P5HWbD3XK6TdQIiVU+ZlK4QwF/MsoyUIxIwoVAN1WiRdg==', '2017-11-11 06:19:53'),
(62, 21, '1f9660bf93ca06ccedfeae7a647afa48cad2024f5795f1a0e5ce1b9e041da63ce9bc87efdff4d6ed5e51fee77569caba37cc6c64dd1024499b25d541aa4338c61qokztbarBrp3QErA0Tcmjua47DfBBBV2iw1Bm37nUAJ3+ZX15vTnJVesYIeDTJ4', '0c73f07fa64c46c503a205a6196dcf155b916bbe8fa6e487ee7cd3bc92cb625ae0bb619cf1472c309b35a3790e4e815d0ad811c389b24ffe059d5a4a3194fc4e7zY9exTDQOsGbp8QEVzRwiDENwFSRdXzN5UXQ0XPQbqkefbYZCQ10gDmEdn2m3+4FNxR0o6w4sNqsipxRR8U4A==', '2017-11-11 06:19:53'),
(63, 21, '51de9650f34ab6d85318e2604794aed176710156bd2d528cea833f79effb32fb6411e45a300bd3e273a613dd7ca461a1290abef94b840e69771227f9bd6c119bUZS4ixYxA+B0Q0H4Oaqak41lr9XiBZrvPWTIcaHSzGszDGLFQ25yaez86RoFD/u6', '03f1a7336971654f2d93694c4065a2e1a76b21772b0b1d66d8f6dd706d926741768482f677a60a8257cb987a7a1013250ff0f77defce1d7c4e74eddfc26005e6GtIwIGRZFopJ6OnVY0A+c+WFAGGc/hSczXTUvC3VikRQuI4OnwTLP5kH7tb2u3rBfHomrf6YV8fAC4Mi1Os2ZQ==', '2017-11-11 06:19:53'),
(64, 21, '30c0eb0770359f36dd77e8cd9cbd2030b4b472ec562a22acc529b0335b8c8a944c8ec3e85db9f927976c7bb0be87943fa8f33bb42abca96643e44cd60dd2507aZOV8rj4x3sQ26wfMJVlrnyBMV7tQ0/Cz3oWiS+C/vInb7liJ7mmyZh8KWJl399sF', '5f5ca68523bd83a293d509a064192bf6b67be2752c54a6787103965fe6b35ecc4d7ba3ebbe67a7276982a7e82c3d4e3758c4cab1b54b470ba09ac611533bf488p/ZjzazYHr0cg6HGjW9zhzMwc0XfNYFSV+XcRdmDHK4SBy4RZBrAz6j8onlikrXGbOKsZ5oaRwscRCLq/Qr+QA==', '2017-11-11 06:19:53'),
(65, 21, '74b772c67d2f9f9d9378fe64a3f27cb9c4c16c0977b7d1c3c06b4068b2d496303f1a73e928a185d8228dcc3e333f3d1e7deb7e0e0b05bb979217e15e6f2c4c38wvQ4a1NbSoFOGxlKql/5yLT59bODQubJNxPL8Ntr89GsyUZigz7vIY3ZRJfPHM5k', 'e21f2049900004f98b77e7753470fa7536133bac9273489a116859b505a01da7050771d49dc927962ba6a06f3f0b11045e68cdfe56479aba01b83f2c64876bbeYwO4RVViqAqJ5mJ1ryrTTHyqhnS8VkqhVJWkVlVfwC4acvCBfkir6YqpkYXvdyV39xhSULVcQ3kLmhDBef8JXA==', '2017-11-11 06:19:54'),
(66, 21, 'e0b2841993a6f1dc2eb20b4fbebf62dea670ec41592a0df9f6e941954af74c71c1c7650f8bc4daf9290958381c90393dbd8d69f44e9515b198e917885d5e2014gekas+/dB7ymuCNvqDMu+zN63pvFhLqTme5PuxXkKjhbx5dNHZNiE9bboVdsgpMa', 'd40a121bb6b274aa0bf09473c8ad866083964bd43b14beb90a69fd4216525e1a660769f9764b55740cd434881c038f4ba46b7a0d36e8d7a237505082be186ad4GEpzedbXDTWQTQ5Rdr3tEZA5lbOXwUhIZxvpNr1ZIBpHehJFkqrod0QfxaCnDuRWMgrEYYbEKz9u9WOMYst02Q==', '2017-11-11 06:19:54'),
(67, 21, '2f37c1578cbe391c9fcfb2be3bc444c8ec46878481f6c0f22a454add4d2f309dfb70a541260afe9f6f248843201be3ea69b49d60fb0cb60591ed59c37b87e23fTBL2O6jOoCRrF+u+GxRnAlbSqVYf4mOdqq5auBnJ4yY=', '4b89053060613d17ce12ffe2b552be0b3b4770767a6549a9d40dccae303308bd113b613cf093ff287952f83d76a8f103d35cd9fd6ccbcc912778a46f68e9284cd9Oy3FVJEk/wDbvjJEXxxB2qF+DZ0jt1bO659LQ2kyX6s8AuHQ9Tp1RX7xtXkmBH/F58+fn0XpDIKRQVJZIniA==', '2017-11-11 06:26:42'),
(68, 1, '0c4353ff6057073cc2903019bb8fcb539a3ca94e774abf4f2ac9499f6fbc729dd66292839ebee132fe600a1dde01e1d93bd4071bc014c32ec382f40be9ac4f277NPmTZq5a6JibYASTHhxVRRprnMqMfE7k0flwvtbLMs=', 'ad44bc750cc874537d646e568888263ae849020f7c11cc04ab31329daeb409df9372d718e896e414a3e214bec9b0fe6ba0dd8ef123d35489d57df1f7e75f43b5758AuVVMr5ZQ0KojNfkTJ4neoq4JDsRhPj/EhYtpVzQ7wgaTbnzMYbov4CaLCFFQJRnn+4NJzx3TX6xStxe2hg==', '2017-11-11 06:26:48'),
(69, 1, 'd378edc2c8b0318d6ad267e1d3f221b0bff8596a7cab075a8c95fb932f2494e75192534fc21e85b5ac19b99f815d361617bd016e0f2497f8fbdea41440177d78YinUn+x9qX15yKUjJiKSTUmp6eBzQmaO+9QB8nmHxnPS9/nr63/VNYi38xypsT8O', 'd4178a81e97797b65967d69236f14beba500b1a525a1a4ab39fe949ecf823ece8e231f5c563d86abdd1118a9a9ddb62723352732a429f35a86336ff5bacdaaacj1n/iuguk2oBOQqJYf4c/FywaQeMsNpyM3Yg2RvoXhumromyf7TdflRLBM0Fathz2cIidEdPrh87o9TBER4IzQ==', '2017-11-11 07:22:51'),
(70, 1, '728e3deeac65d133d560b3c6b8798db8a4c5856f2616d2f3ee6119f836dc65e962a1ab1bac3694abee88625b0253c7ec195633faff1a080f09e8da22840584a3A8Hy0WaNK2MXWUwuS3kDVELZzdYCh/tyjqpmkkPWTfVVHDd/ROERTNMKU1mngTwW', '628bd5ab695bd13df54349cf084f109884aa882052fb35d7990acda0dfb3477ba3c56305c481fdacb8592cbeb346c8be1d66d4e6ab8ccbc53b437b155fc8c2bbaB0Nc6lXXPAU1iIfrQjxq7AsMNkmA25FP/9WXYNMS+yW6nlPLMs0eyEn8W+6T8avWBEnRHuLShwO43JI9+zX8g==', '2017-11-11 09:23:54'),
(71, 1, 'ca849554ed9042e22b7126bac410ab6f982d1c383da7e0679109140ed0fc65aa3bff114004cef19ee1df8f61475566b3ca3b57444bb4c56d5ca1ffe25590f5d5XxG/qUxZKKBvXzFJjVGfdE/7puK/ev030TgzcK3wLvU=', '1240f7996d6f46e44743a3da59ab956c068b8dbd36a95d1dc73d5ecbe8a769ca9b5ff29df418af6e1fa5a093e8872d516f73e1122c555d59b97d7f69d80a7c0aeI67XZObxsW++o0+OyecLiuRIxWZ06fmAZp4EG7YmmaZlm8xcI5r9sp9Sn+gW+/xhCAfiU/O7iigo+c6uNKUeA==', '2017-11-11 09:24:25'),
(72, 21, 'c320758925a8a52203bcac4f707d7d4316733190fce706121e0d91841798f77ea723ea647bd6c5f700b587ede8d5b1e6222e7db37c277ef4dc5f3c1ad85eb60bbz2Igs3u/2sQmexEvXZq2V2A3AarsL4PkykoMlA57b8=', '19863d05942c4d039327c8e837ae34dd6fb34d6322d9ade4eab85750ebf9346ce557d1912d7fbdd99024d158a9736ff622ec4160249607a1a38c95ecde70f2e0WdvsFdKtzeoRwBe+wNYiB0ZtLmkqpTBDzuOu4oKfNnhpyOGlW2ssOwBTIAZfYvUVmnIwd0UpkE/IECXDtvPbEA==', '2017-11-11 09:24:44'),
(73, 21, 'cbdc88f705beace55cacea9970c2f522c24b0bc9c4954502cf4d5ceb2e4050d146f8b23a9ed4feb630095d57196407c9d68df50130c33dd08cb3e808ab23fbc4/89wntTwo3h+pzGRr4Tvtp0kQ99zUBx21vo0RJVSAAY=', 'd2b8c9a23927d5c954a665e0f3ddc4e37879d9e5c45f13a8bb7970084c9291f5411cc2ccdffe014ceea68ef65240aa4ea9199418f53877c3fef8af32035929cfe4lDn3hSgMvo4NajDShQXGqpgULDZyUBOhk05ye8I+Nnp++7Y1DJ3roRuDNeo9d9FQLIm8MZTy7MxRufESoX5w==', '2017-11-11 09:29:38'),
(74, 1, 'ff211e2b79dc4553233b2d9bd3dd5b4b2822d7b448b758eba4ca4c0278af5549d01f9ef0470693cc4573da129c2bfe4740805529053cf24e727dfb3abaf022641PL+OHT0nPXEEorFzT6LWyNG9DLBUykDocoeCvR0Ni8=', '6750f1ddd39e5070d9421f8032493535b40019315f64eadd160b8909f17c3a1e6ddfab46685fec5fad8aab492084ee5e1c9fba92942f20c7491060ef6b999b87MD4pZqe/DySggjz7sI+gzsBJtKVRkMsuTE+IhE5psdCd/s8nO3NMbwZtB5P5YWtxkk5l7WTiDaIRD83PbXCOBw==', '2017-11-11 09:29:53'),
(75, 1, 'c0b0b3edfd0090ce6a19d3dd6b37baf49664b37e26a3cc7b592a14aed0fa65bcbca59a139f5b3249a12003ecf6b174136a8816a0adcde472fe40b239ba5f07dfkMi4DQ50YbmH3uobuHCfdpkiN3lhZEjgraO9QzjIUxaN81rfiPknb/QjSUgKRz8Z', '95907c034ecfa531fdde84a1cb90e3eb4671eca206243ab443e7fca1676c6631b349372734ea0d813c173be5d3ff212995180c8cc82ce91f101049c3c023b470NHupiYmXnZIJhpeSftAkokKSHtZbJo9reXzuWTQPTwtTmzQwfxexf9XMBP6jqrxBEWUihvu/hXq6IlUGAznvjQ==', '2017-11-11 10:03:38'),
(76, 1, 'e91e7537397e225fc661864c20b6e01d6f59456e1ab0ffbc932194d180c3fda4b4e24804a02548b1382e961ba47c8193b266bf18ad9296afea9c4d8df3456bccYr/gdadALatU2oSAfTxu6fc+hzO4vbQD3VWqAwMgPzo=', '30c6102aa098b6fca7f477ab2d312ae05f401acd2fad1cf56ea795206719afbe28b43682f7f612acb888b4373133536e314dcbed5cf686290d22830482eaaefbYQ3OVernMo9RXswQoKfyxAvj/aj5AOYIL4fG8weekzFeVXofmDG0Mkq3mTazEYApZkrOVIL4VYQ+XBoyWNEpog==', '2017-11-11 10:12:11'),
(77, 21, 'b915595e1882d7d01381a8d919bb6c74ebd56bba0121fdefd907c456dea42adf1a0df92e7dbe8f86906965cf51af78a6950108135d81765e5aa2f65de099bc58f1NctA4au1lhKT0AayM6lZY4+oaBrtyB0Pm0C+v63oo=', '0dbd318d4013c78b928cd9f18a072a4dab62691943623fd8c23a66aa935b528b92e7f52272dfb746d164e2498a5194f70db78eede1171b97921f3abc6905d49eda7fMrNGW1M6hk+rWMX4e5XS6EgNkfaDht5JFLpywdqIM/YyeXbTTuZphuVc1IOeQBVx3xkhXbDYMXVrTpCM9Q==', '2017-11-11 10:12:18'),
(78, 21, '330f701c5c37cf8a84fc4743b289757e1ed05e108a3dea54b9ba45d6a648f8942d1e2bb14dad6b70a93e62b467571b39ff349438c28b7d2c31a4195dface30ed7K6xTrq9oUOUB+o877FGZPpvIk/ev3JqsnEVATpudtbA+sYuWciVOjD6l5K5lCqE', '20211548ebbfc16839b45c0bb2bba459bf316b7b91ddcd9c2db65727e45948236f4f963264a7cad623dc6f015a2fc7799aea2b1881b6022f3ed394eeb8279920hCUlLl83mmak/Nez/t2iFffJj1CWVHzZIRk7gZnw28Dv1NhCeJMobw58usK3YutKP5vilO2zF5cAj4FcQSDj1A==', '2017-11-11 10:12:59'),
(79, 21, 'bc8fb821b105dc52a40b3a2602b40fd3a9bf77b4fe766e4840fc9b0990daa37b19441ed97a805d3726e6b38d4e487b071f76c8a7e45437e41b2b9f9b6269303a//xEDPXJswlnUzugLdGPyX+5pBdeTaRMCKDFYKDuCEsyG18CuUrarSiqQgqWxNaG', '178d67186517a6f3ff5ae76603c48362dba227ee59c87142f6e55404f52d5cc3f2f6f5ca902227751b4257fb412761e020c6796e991355ed54b542761ad24f078ki9IMaz3j6jZ6o3NFEDCW+maSrI9k7WWlIOJWLrD+YXF4S0FmmTQFqfv5B19hkrQiVMwb55Mx7vGYHfMzxdAA==', '2017-11-11 10:12:59'),
(80, 21, 'dbda74b654137efd915049a795ca01c1e478d2919a6a4208a02a7253228dd3bd1403ee2e92394e0cf531dfdb76c582c1001b611126ee2399dd7f8569b541a0236HmE7aWD2OzqZkSG3XQyxpyWOLygUYS3G63wY7t3QWerNdJG1h35gdpPkZkJByll', 'af66b2ef0f61d9ec58700dae98078143092ce75ce0f094b9e66a296681a0f4dbb44528c51501ed0085dac388a3ad0fb1ddee51258a9e2b66ef6b97ca16dfbe0cfM8kb66t7VpEUxpIxObT8eJ06wPUrqsM9CIlapRAdc7M0ZkUIQLukFfZCa9aIKqaBEGEaorBVxGvTUsZnYkfiQ==', '2017-11-11 10:12:59'),
(81, 21, '752983d869fb6ff55263636cf2cdbd055fc16e385d8ccfaa15d5ec6a63e628850b2200364259c65350b2de49f5767e063bdb74868d06e808ebf1499b9120fdd0wl5MjagED57uL+Y3pxgH0Fx55vUKlZUWgbqRDwStdNQRsrFWV3F3MrXBn8YcakRp', '437d1b220072246ab80725dbed054e73f3a937fe8854b08cc7f7450b341dfa62c7894048e46f9895ceafc23a821bb11956b99ffd6607e19d62a812c9f2e89983RIY2pvwIkGjts+BR8dAvbBkPi1yFvoohyvCsjpLiu7bYZs1sE9iZI6AgNaWNzaKllV/N2hYcWT7Bmfkdu13Geg==', '2017-11-11 10:12:59'),
(82, 21, '12c771aa63d985519e270be5ebb6d9275af7251da3c89591d52078ac6f336c6a6a9d98dc7bd1339ba20169ceeb00b63d72254a8fbf23c6e8c12c093a309aa5a0bFrQYcYz/QmOZQve2Lutj1uO1I00ZVdGOCzPRB5noZqJ8AkH3c3yNPos/1fiZ3TO', '6c6fd89165f8fd031d9d99eb3ac16b2a32154496f11b5003e4a33799dfbbf84717eea8a45011df26ee4d02cee8b679c9cda7dc589af304e0c80049cc7e0fec99l5JX50/XmovPu5CA3Sh981NfPH6dhtQCJBWW3mbnXch0vmSfs1/4gKQC0DjZ3Uk8BLH4s8N7Idai56StQgUldg==', '2017-11-11 10:12:59'),
(83, 21, '24de0189a90fb18c16482f8fc8f1598db5b813a1de8b3c4ff2059b76ed6bf5bde2dd33c4ba36e8e699cdee9bbf88475cac6918836944f2038588c1781f01554aqLGuLFJu562Z/jSCSC0dSKOLtn8eZ4jT5okyC0n/G5zilEsel64KHMSPOEH4VyAI', '9ce9beefbf30fbc5e7f9023d6a7e2ffa9a8d6131e22a929aa554b442dd82782b6ceedbdbaa13487d99b7100e20ad93875741ee1b1512467264f9eb45a1a679c4z+mQV1mxdyXaoMrzzOZHlhUHkbPTqk6IsL+5XTeWaBJDHQ7DIUWBcyK5nvIz2KI2dhXwhbDNBq2pnqREo8/mJA==', '2017-11-11 10:13:00'),
(84, 21, '0237e9858a6f9396c8f14446149e5b18b8cc32718fbc5cf56b381ef8411b1abb1e456a06b7b254d040a9d29a105ccc1bbdea4a52143aac62606542b0f4e71461qd/GMSdzBImLy3sqHLak68EpYqvkYHbdG4VXg3vrvxDYWlsqp7nQoyONYl4crKPh', '357a9d8a8e4f5994c37c2e97d2f1093344079657bceb767d1c0176f55953b30b5ed75dd6c4304a8937ebfd9f6557182b87838915ba10cb2a0cf9f10ca59aef47BAfW/VOx3o66mFeFI0XfdZ3LrWWYjHBrewhe9kH2RXTo9rsjPY3S80oVaQ5Ohdq2WEkzJhYbZybmiZ7k3ZAAQA==', '2017-11-11 10:13:00'),
(85, 21, '5d9dae9a34d07c5169a26c32277492cab844a491bfad6b22ed0c5a48969f6005770a30a15c5deca8f689273c0e2fc34303edeaef7f9113cee5f4fa6c7818779ffBzjIyizf1Oqziwc07rLGJG4CCTeJ15lCNCnvEmn2JJ7ME8MsquMUWuYh91pH92g', '277f0b5be15cae4238e553183eed35dc2d243d4598eb679bf106189cbeca9b4f55b15011eb86e307f5687bc142b379c8fe9b478e88e8e03c6469dca08f838f203AVXcmUB8XE6WO7Sq4Ku9i671/wEupxx1+IAueLqfCiQ5RSCgUZTI4PC3SDS70f2wmR09pSGh4lsQ3GLmYIFwQ==', '2017-11-11 10:13:00'),
(86, 21, '0af7929ab9313c027d1a7c4f1618504ed205b4faccf61a5102c2671a4597f6e4e3523866b0a91ef09a8482883066be3c6eb1800ff0394f071a093e7f959ab039HqKLd9Bv4PBGSs8iha1TD7n+o/m+xKrQuAxXtbaIxnEKCbvvVikyGqcMGWqeN1BI', 'bbb92c811229c5b4ed24e7d70142f7953c5de145e2fa18151e57be9cd0e5ed09304424dee1bbd7fe9180eb03b2aad77dcddafc297019ac1de06a0c4379df9d3aR/Na/xMsThDHe/FmxGQEdMid9G4bL6eqRKr9xFeXYEElgHzkZ2AjsL0RLYsy3C5CYgtbhT9Y0oAyg1OBoNcowg==', '2017-11-11 10:13:00'),
(87, 21, '221ffdfab065faea786082d812f6296a1b709f1242c8d4a1dd01e5ebbca6ecc16d8b8024e0f5b606f91caf2b9850b090988a6f24759b9ee6a90b7161798472bbxGCgR900JfWX/7Xm6C33kbrnMvEyuIG7Fq4Zs4m1q9rcbYqNrx50VdTzc3bwzH+7', '02c79a1fabcc1bbafdf207deb171c95ce7cb13856794773be3348674cadb2f694eafabcd6f5130b9929b4f014e83de47cacaef1c0dda8f2ca0e948da44bdf803oSJn9cUqw85krj4o0KzW5qqNElW5m3RlS1EO7+7TeKEyYWAK/NGcpP0mefdL/5G9em3n5Pj6oeDxJ/4YUsjYgw==', '2017-11-11 10:13:00'),
(88, 21, 'eec5441b04920c75d9842f13656f99478a50fe14faeb66e857551e69dc6236d185d0dfee4caa5983d7b1982d13674a5400bedc97bf1128592dd3a2efdc5fe90dbyuLgNoLR0qihXa1Y9sdga325PgmXuVgLWCP2QgiwOSALkHfPivohYriTUh2T8LK', '162cdc3ed1cbfee64c59055e9e50c66a573329a6c1cba2167a2203bc1caff4939bbfdb22c8711af1826196959d1618401a064608f98827bb064b60e6ceb31afd6elHJxPRh3NYoIATVFTYMMv/TFADDN9VgiXYg/Ffh9q3Qopqz3vcC8tu8h+8Iebs0QDBK2E9ShBg23XqIotrrw==', '2017-11-11 10:13:00'),
(89, 21, '5287f81c0fc316ae9019059ff7d35a58bf1752e352ae6807f23491d9b2103df3c2613016cebe7f36670f467e889f7a44aa3780d1ae075e0b73f6b940e55badf4kmGBQby0uv9jsAh/qaAtmwRe+kmZBQVc2nZyq2xjAQrD6VQHOCc805fctEMhdj2d', '6dec7bdba5fc44aeac1260361bfb68cb9babaacebe71c4e15ef39ebd2187e5563ba42e04c19b6ace524b6536b1b5f5ab669edf37287ec9d092282938c2fee0b0iijlITGBmhyUCIeeqiXK4OUmFSF+5mhkptlxgYiIrbHqFpNtXC7NOnnnrMQgXnEXbHqi51jUGoiSqYNto5IGrQ==', '2017-11-11 10:13:00'),
(90, 21, '102c312f20f670e27f3a0db4de60c9b05b4d5ef7ea67ab481d3e9c61ef5d3512812c55e7dba16a3bef5368a63c9d3554f78eb933b78ac4cd7a04baad68a4a40b0XLz85h1PPKxI6kP2wzCtZc7Siz8MQNqoSg1Vem1rJ4SQXUtQXa+EtXR09Tq4SXf', 'e6df31895e629960be69da4dde63251cedd6b89b1268a8c0257a98f1d457960ecbc51f432f11bc3a12c819ddfb59d908eeae7b7524ad3fb20e8553959c0324bdzsiwMxyyEYeqdOa04ss31D8wO+bx6LHgGkY37U4nVUjITAkwnFG/dUoYGTXSaH+2neA67MxKyRJ/8xm8tTHdpA==', '2017-11-11 10:13:01'),
(91, 21, 'db28ac5b2587c932e48a2f12b3a78425dc66e48ffbbb5cc5fff02428b6c281e163fb0a21385f86c2ad61ac62ee06099e0053448851161f52f913d1adce165e0cK4vY+jkZqHJp1QLD9G/mYteZ9yCLHdziGcqrUurlNMv9BSg54niwW5G2OmfIiNBg', 'faadd8a478aee9fb5f0858299047fa859de16860728febe3cf19f779b0eb789dab2a8efffcda28ba5bfae3a2be8a6018ac0d2502260751b705b443f7e9d1a494XEjud+7p2SvlnyFNsjbAVOEUqrakJOK933ZGqO1d675OSwjcBjfdR/8/7bw5jG0wEdU/uk2TzA53migbL2QMbQ==', '2017-11-11 10:13:01'),
(92, 21, '68432ed64e8dac1255c933943199a5aa698b71d38329e93361a541bd478940419bd0ef893a1da78f68d597477df90b13364d8718271e2205732d43faef479166f5juWgV7hUhJ/sl9Tvj3TLyvmeMB3FEVAHWiDqSp/6HhHnN0yRT1bzWDIaLaH+EM', 'e3eb9bc397550864dca06681aa761d2f47c8ea35cbb88a61bafc221f427b6069dca6950418167bc62639dcd14ac4b1d9f48dcb8a28b8457867d69b13d22ae0c4L8m9Ne/yEqIHoiuwlSviacrkqCX28I+ftUL169csGyvoRGhLh05Xe8wLNpeh8QDpiHI4gOMyyedNOLst14vpiA==', '2017-11-11 10:13:01'),
(93, 21, 'fa98a1bf02ad42a42b55c13bd41608844c52f33c4c91317bb6ee4fe33da8795362b66506244bf1775c4b6462d5423a3841f918e9d71700602ac1ace02e4bcd16DXs2yF8qYvD8viRUDjOUsXq9xdop5RNyqn2hh3iQooeH988n1gWtQIx2fgqGUOPf', 'fc2d96f812fafc347807366f1346b5fe7dda2fae938107413494e1785d4a4f6d6c77524afc50a68c75af4d7757c21fb0eefaadee0c5c5ca2a142f74fd8b5a7ecYapmuNPc0I+9YVbEgDy8yQzN5jv+lJxQUnz+PGVG4XZmZhAKRWqIi2bBa0Zc0Aj9MXCaYiuRj+tewLOate3bHQ==', '2017-11-11 10:13:01'),
(94, 21, '5f90dc934ae202df644889d886e42e9730fb0ac210caa9e341d149dbffb82bcce99b4296e3a7c44c8548d28d4e118fd0e8f27bc46fd686059c31ec0e87f488a5x4sw75ivMXE2pyd73tGNtY4Fq7OCnF9oGgQFgdEmpMdR6uk743F7NLjji579EZhx', '26402452fa632fb1a5cc2175719a86fe435244f10c3f80999195aab4a9af841da6205ab8e603672f08447800cce1d06a898d24d5dc7a7cb29125fa314389bf80cysM/JimTJQCdF3rKDOUM6fRcduA0RTA42S5x9PR7FnkiFixYbIMoicCW6Oe+RGCnC5ji7Ds5L0pPxzXq2ALfw==', '2017-11-11 10:13:01'),
(95, 21, '44a7b37a83bd92fb99a6b94620f98130bbdf5bdde531acef8e18341ca400e7f363338e741320a9e68a18a05f9616a81bdb665b557cae1629abc505446927fd62nb8Z6VrWMWyZsD7Q+l4r4pXr7TpGEs+5TDEFTNxOZJNo8cNDv101uqvLHRExthzl', '03e89cffcf644ee1f0bc14415c88bfdb34833618ae4192a793f404c886cc5e29ddbb36eb2b85f68ff1bd70e334fc7a5fe6888a8b86657bf35eba3ed4bd25799a8pjA2v7TDaXal9yUACC0lbvSZvpGWanLeFXSqdk89xhDZsk5Y8V+2FeZfW5Dnp7k6IgVEWnQjh4OGtAZtF0hkg==', '2017-11-11 10:13:01'),
(96, 21, 'bb07d687488db7e303797ab86c96afe2e9b34973f07ff0dfff9e09525bd15c519f152ebd9d11baf992e11fed95d46e638c708c83d4a6a67b8c49dd0345f68daet1KwVNHGOFRK5Yp4mVCKTVkoz+ILeFZNz3xzlvmy714dYQp/HxTY1Ynk23mERpdG', 'e2b10b13336f6c5c83e126e84d4bbd288f76c5aea3db057688296434a6c6e897706598da5f64ef05e448c8bacd0687c053151d66ee1becda0f7d6018faa61a8aaA4d71rxWTB9DgO8VnRHT7cYHaimnbFA8aKZoourAjnIFL9udyhI1t8g0QhkqPCTt3hKERJxIUfNM/3sRLYnkQ==', '2017-11-11 10:13:02'),
(97, 21, 'a81c8fcf0aed0f270a273ce81de62008d8774e44b2b353f64262e345eb382f67b97ba460ab72bb2931be20d7de9a232b8f71ca33869292fa969762435fd7edbbBFzQmKyz9kHZUfbuSHWdto2ggH1DZ66gW6JW4aqVfKKPEGpF2MYA/H2lypURU6fK', '9a2cebf9c3969d303e7036246b6e8b0b804c6b55d05c233a2c0030e4f277f98ce48690226e3bfa088a9eb59c1de6670c55323d566d6cc1d948d6d662ec4a22c7qIgHYP50wRTwOxH3mn9JW8PDmuapPljpKEImFsxnrHDfqYeaVUG3EaxuURAUQV3fs6mS1O4nv7wGlQmeiKG42Q==', '2017-11-11 10:13:02'),
(98, 21, 'b7a9d5b778977bec2ef445304264f7287e4ea4c7f13adc37374c92efee8395cbc5b12faee126c0a080db90fdb37256d265a583c6a631aab643ca06c65f371aebxf5SIYEhvnMtvfVORQqfRS8X6zXCef41QEDnDObOODKVULyoUuSVoouViT+C/B0T', '816d67f6b9f988de480791d83f8f3732d8270d4b54d98a931dd78d375e59cdd7de7fecbf81e0a7e7403439a2002d4558af3d62fd3ff83f617eba7c7ef7f1ac5305YpVJ13cijwNeqCI8xjEs8G91pCRS67Uo8Wi2fHTMh6/J6QlCXhsmmW5Xn+L586uMyD9gYseAJ/OiFmgrPNDA==', '2017-11-11 10:13:02'),
(99, 21, '6157e4365b61cc0ba68c253e839f39d169a27c389350b7d1559268d178acc8066954be81547fcacb22c1bb5873eae50d0018b94b68a58dd4ae430ff268f941896AQg053rJLaUDegT1jJlTh08bE23T7/7Yj+tRtMO3viin6h9uSdDfChYepHYEOk5', 'f6f924486f128f6fe5c1be1535772babc2b010cd58d716e541d8637ce5cf5cb806a644b24d3cbaafd47d8f13073ee10d12f8decd5623e27162611af4b7c4f4fddrJcak2xN9iS7DwMiA/WNr5PCcSYkZiuUuZaFgmiMOhPLOEjrmK+HJYoPGCy5qTLid4hC+6tlxkIkHGic2uFRw==', '2017-11-11 10:14:34'),
(100, 21, '1569ea62919662676e07a1a858fbb7dbacd76ca91eafaf1f1ebc3e44aee665e1403913718487350bf5ad8c7214c89127e0e1a58eade70f65f8c324a1c15b6a21cD48cWkgcs6sGQIZTthBmchJDSax7tQum+Hsucg6us/mlmgx/9Q4KKneKlXNmwo1', '2c5e0a2b2aa4be0caf4b322bf58f18027c308dabf5cb9a97a8bd6564ac40762ee389fa76bf5fe90ee696d3f52fa8cf16c0b479660dcea1b481cdd97283103495vJbQ/pZhKO30X7eN089ET2IMWPMui7kLGj34JDbV7FcdfvzLtoqrkID8RAYKvbKLDtrD++KC5EfP06aH3LUqwA==', '2017-11-11 10:14:34'),
(101, 21, '1dd85ce1fa5e32a59608a4515d53c52078e04137546325d2b3c8fb1218093a68917ff0affa8c1616bdc5078129c4fe1472b6e3cc6674dae523252c6b98b03e86to92KAkI4MPnTPjtXithW3xJlRa3doOaT/mqGpKxGIE+Ddn/aQCYMntA96RaaWGZ', 'b0222397da8567892fe3af2ebe11a60523f6750d272bc48cec2f5b400c0c0ca30257771495643a6f76fdba19851dd845c7a4595feed98191e0747ac519aaca13ZliO/bjnbKarzizRm11BIKHnbqc/XndVr5HV48hgIZNmO76ZT3BdzFS98a32eMQFevMJhMrlFX1hASTfJEbbPg==', '2017-11-11 10:14:34'),
(102, 21, '95fc1fa86a57adb7453e1a66de274f0bd60e77e9532f834ae51deba2cb97b854355bca98250a8243bbb80ec474253b0baeb291c38f7b9c9011548434cd05a1e16k9LOIAisShe9u+u1BoIR534E52hKTJGflZ43llbMk3t7U6SNGurhumP8dWAOiDW', '0e9033822765b0f02da6d2581a2c9a7ec4ad40c8f2ea880972e878435545f62eeeb6a4ccfd301281b90aa1f24950a0b01a3d74ba9ccc9627504ff675f6b4c611oCLTMR8EoNUpK4PGJeH3iRu68fAYSW4DnMXdB/ogI2XwtFk14ashAk5JD8B6NLA15tHmK6Q2Ru2uUMoJ+1ZFxA==', '2017-11-11 10:14:34'),
(103, 21, '38586e5ddf8b57191a878ac22d822e396feb2079becbe32fce7aae2149c76a8146e31bd0861b5c50bdb936a0e4d867be0c0705d625b08a918d2cd393b38402893rBUWTSNSHxNJSI/heZ0uGtVPjPtIJ1hBqlMuv+PLu85RrYg1i0gn5hiEJ78Ydq4', '535e7b0a64fb6d363c0fbe8b062d9ccf4b238b749c7bc573b3b10024daf48ba390d2f3b2cb88ff80f48ed0e13cab9e943ca076d191de771b673c6d72253ce986Vcp6KvB/CMtYUBIF+GvNZ6Rkc7NaFRj8A8Y3RXJFwcKI4PWa/Eh2OvSyPGPzEBNOl/pCp7v6H3cwHXq3+KUNkA==', '2017-11-11 10:14:35'),
(104, 21, 'cc070820bf418bff65aa6763cc91092207d85504c3cd4d59e23fb7e0f5c1a410e80829e88831e250f2019aa0770a8ef8f1f5eb3d94393f6d460333639a7df4a3yrOsWLPOeJ8t3EDKY9nItQw1CaRAUSj5hD9x1ml+fRz7LqxGX/9bP9tijiKahhoQ', 'c5784f7e8cfa05c04df6bcd6f98043db424d79d87277d6fa7262656ac784bb1f5c5681242850a7d38a560fa113fa6534b1c61b3bcb68698bba1693ff48b32aa8Iib/jQx6S7KpXk1Hba89Hrt8BMYMidcXMubiP16BGOhKZ2cFkske8T0vOjxwNACQHjqnImZpOi1RHWasdeEuTA==', '2017-11-11 10:14:35'),
(105, 21, 'd0922fbb8964f8efa2fdda2246f64a88480451a14e19594b10ca85888417f5d5dbc35b340eb905d61cc697f73c25b597d63409e95a1563e1b77760d322f0314dRnD3kQN3p0mt6I2pR22egZkIj0idjF9y/fZ+x4l8cXOScNmj+KrTvWBitMl0n9qN', '18be7ca68ca315a62466d8abe7aacbf4541f9339ec93afd85569955a2dc90aca1a45bb888c978285646786ca69f696827aa1d831e6a653ee7ca9fcb2c213e8cc8iHYKUbf3jipQGt+SDtn3z3fD08LBzgQieVtba2/s3i2FqN0t4gzbNSdfiMQfqDfh46jjpa5P0J0c16Ep6w/gw==', '2017-11-11 10:14:35'),
(106, 21, '5f378a6086c7d975b4091a3c57e89465598f8d1be01da6a4338afbfcf378b3deda7892a6b047ef92f704e71332c2e53fb77962b23344241380fcd9b62e194174XNFLksaMz+rRLH+WfgOXFea9cOlyWQKvKR06wAagbFi2BhqBAX5QWyOQ+IQ58pvU', 'cb10f9d2c246afafcff882e20f6ebfdb1d3e41487c515f6db20988781aa61e94d84e4a4e4cd6266767e4d2a2ca5f9fbbf7283e11e2e3bf80a22d7d58fd6888cda4XIl8pvJtOEh0wVXakjaU4Y7T8lpkfjabqkMh1fRcxonARa4OrNRalQ5gCm45BRPHMkii/9/HZGrysooHQE3Q==', '2017-11-11 10:14:35'),
(107, 21, 'b09f3068e6ff93157171cffee54aea2b6b065a2a8123bb422f66dc72ad68ecae23f8d027bea450f03df3164d57cc882f629094d3e35ecb2b88725f102822798crdCcatzqz8/RccV1lyGaOrY0e/mjKoYikjZKahIXGbiIEwJpTimgH448axr3nVLc', '59445015e656d04c7f553f788abbc78a9add34d34870f19dad0185bc746299443a6e367931a681475955fc11ac7c0e61963d5ac2dd13ba6125673052fa600c17dvTOAqgiP4WoDDv/sr6QeK40YVBAdgs8usdrFUQ4L+2XKc/Xds9eMvNM8b8bgMBNJ4JokcwCk3t3Qh0iWdwDdg==', '2017-11-11 10:14:36'),
(108, 21, '7b51f406952f5c73c181ee59cae5955c16dd2bda7ab042bdcff6412006205e68762eba35a8bb00f6976fe252fbedd3690d6d6a290d2de74f6cc35f9a9f3ee782EKRViuTimJ9bSYV5P483MaMx9x3VM0ZBvY11CslpPq7E8PmRbWRHMc7oIhzAm9/q', '1be4527f669ceaaac44fb1fea583c1e04a39d414d4627670f7b217a5ed15fe7e8ad6603fd824f974c3a6ff442091c6967ddc9e9c1e102a44d28edfd9a04597188+uMBLSyDitE6v97v+VTEtUOYgVX4d8OyvR5v7B2bsPJAjv/QDVCUi+cFe8jLnaxqzT0y42DTGGTLvEa4jv//g==', '2017-11-11 10:14:36'),
(109, 21, 'bb548648e89af33b675f14c982433fd117d4a45d093b1a259f679f49474b2718b6cde1f8cd7802faf5a95d27dc70596dac47726f350678454b6f4e6acc7bad0fZNcnZMs+IGNuCq8LC0FIODdJ+As9MQps+nbaqpElsP4Bc5E7AY4hvjnzgY2KlVSm', 'e83564ff38d56ff616e36422ca2ec28576f12293076b1ce347e09abe09d9d91ff461adecbd030e4fff9d08205643f93ed0bde4742b50727399566e450ea57769hmUPzau9WtrNHTZbgSpY3IYo8BfO0sXaNb83Xw8MleAQl4PGiDANhljgRVEIdi8u9b6a/+ISsSzYnxL1FSmfBQ==', '2017-11-11 10:14:36'),
(110, 21, '335475b76e66481aa1c5b4e02409f24f4eedb2b0d9106542414631dbf2fc1740bb2cea0dda3125ddb9f6b01231dd6e1caf7f9da181923965d22923746e4a6bcdH4r6oXtu3xjanB6iAHqLT9COqlVCQFbzVaKEI+s26dLVy7LeyxBcVkNHEP5FZyPv', '4b7360e6fa4ec5a8772342623660b77a8b4621a449f1909d4e0addef71c09716fe66451e42fc3155dd1dea21b17140c6862ff148070b32f9ed1e97337a7331f0TMShnTapXFEQUgBIf63ycuXgVXiOeEmrVXEau2YnCYUwGRmbQQlSPaiqviJON5+W0AZUnQ0tUi+JCmqIMtYBTQ==', '2017-11-11 10:14:36'),
(111, 21, '7ff94a019d49cf7421ea6d53c047e7dc0f42c264dfebe8124cf2f58b84962212d5e2293545535e46322c1b4c429b0a96e261b38211fc708618bad9c44099da3eDddloH17ppbz9IKiBkYrzahWRHU2QY9lCMHhUzmgfiVOOtdwrvbr41abSclRHS0a', '8b45dabc444d0ef1afa020ee37a76e3de0e1d7e9d2e9fe63d93b40d145cf134deb002833410f298c8653560404380eb13cd11e1403614a2f81cb622b0856598cZy4UfkbRrX6W9S1Kz54N3LWhzupnGa0nBz3RdmYHtC1p4Ca4yspGBtj7KL8+geNWsw+VzfzB/+1GOwOgyPo5uw==', '2017-11-11 10:14:36'),
(112, 21, 'd7d9c1eb71feb1bc0ec0a7f4142cd994d53be56797ecd2d1cd57910c6b552a1ea94db57b3a26e5b617ed4804a517f4891d048bd309ebd8e32b4ca4c27891aeebeb16jvgJl0UGu8NynJzL10qkiOTfRjSsv2FNr7j0fPo50fIxzBnKBlSp5HU8fv7O', 'edebc27218b35547fbb2886379e97d8ff60859d276adb64cf668985574e3e226e711ebfdc3b1074881f27223c57ae3f525480691e5464342816b11161b1193a6/imVz8/WzJT8sicGEYcKhw4p4fJHLWvZhwFvGatTEBrNzV8IsNty0G32VDCmg6y5GP8k8K+hZHcZlfCAqn930g==', '2017-11-11 10:14:36'),
(113, 21, '16f303c29fa46fdaf0b0628d20d7c23d951e58d40425a468e2f125e2d5eea04dbdf11906a8ae35afa0397acbcd6e7575d790b7dd4fd145d639ddadf02ae198d3VJi7DrWkYt87T5Jj4SFK8IOM3rcFkB9b6MvZ1qVYymc73fVLykrFNDyqeyw0Itd7', '06ebd1045b96eca4bd11edac10253b6c7027a5b14531c8a7102fc9a352f5812f0e6ca0fcfa978a82f76df35ac7c7e48262321dedfa3bd38740c4fcb0e8184399vf9WInKA2lge3PBa70atunxe1t2YaO+f4Q/pi15F4h74PDCms0G2FpR3N+jqP6URuIUhrGaHare4D/utDBBmWw==', '2017-11-11 10:14:37');
INSERT INTO `auditlogs` (`auditID`, `userID`, `logType`, `description`, `timeStamp`) VALUES
(114, 21, 'cffc7c73aaeb344c35c27fc0e10cf9f7c69b31790daa94d835684672aaaaeee80e5e096aaadfc0f73a2f37869416011c4f9aad28f4230efb8273f40561cc160akE5Me38Llxnjy47LzKhy8+qQS/Zu1bZf+RREVXGbCxuS8nvBQdCNBZA5GEm/PHYx', '0f365c73f99ad46a7ca24b27aea0152c1f68d36f63dfe036a46bca48fcada22adae529c6d17484854b5fd3024b39574b03c86be61418bddd2af9a50ecf282074rQkwQVtroXiP2JT2xnxLAavjHfnlktfAUXrwMEI4RduZRRSJIG2TGYG+PZ4U9H54dLsN/V6ovf6yJb1ceETnuQ==', '2017-11-11 10:14:37'),
(115, 21, 'ac430b53f84e549272799127299a5ca69336e4f5f2b28c1492fb7bc1da468cfbfe85c713ed759fd408428ffcf224a20e67879d04bdc63dea2b3d59fab07ab769hw6hm7lrplCoegBTH1HqejDATHSHVsWsIVnPQA5OsiHtdXp9RqpSVjUBM0aLGXC9', 'fe5a747e1c20b8455687d5ff2b994fd484ebaea0246e0e4b336b09d2a8c5029eb570183b2098bd217d0f3dc79d0eb46cfea18c24c9729393f23494a420151c67Sn4KVrhrO+DZzpaQKHOCqmkY/jhZwF7rNZg1uMeCuBbbh0lz0v17AlHsCv/nQ/gJWRlEZUTdkd2nljZYNGFJvQ==', '2017-11-11 10:14:37'),
(116, 21, 'd04e5f676eee3fa7780b98f8b723a06b46ee15b5b8d22aa042005b7b9ad997f1cba3c843febe5ec81618859b82b7ef5650c6e825185083d5c988042120c50e2dKw4wMTSZgDD1/5W3aCDeGPMInn0+u/J44jtAKqzF6iNq18AybJ5RRKhmg6ipbIrl', '17b08b7020ec218aed9e33c5d2f59fc88fe67e0c7ef8515c7b749d10dd251e40c3592e7262bb9bae3e01b4fde4b70135312da825c19c631fd2c55d96211b2526R63cUQaG/7wxGuUDBiC6vQiu5/977p1NiLMzGuByc8ARE9io9G9+aBLd9A1KpM7KxPKT7hlI9GXInzHkhCKzVg==', '2017-11-11 10:14:37'),
(117, 21, '6156314e75de8e22803cf77bee4557b3a75b5a7bc592e26eb641433bebb348616927ac99b6da8eb4aeeed6198b1b75baafdfc6aec23d34ab9b39e0d02e3148bfa8JuKWFE2B2ZWVvcNCHNQSCO9A/EwGcS3p+yp8lwIK9swjppPvAjQl9ohkuKCJch', '2c237960cd8f846a6f529350a14a618e3cafff108be6c6849b09ddab3ad81dbdacebd7f9fb380518d0d18f29d8b6fbac62120472f23df5a0296f01e8c832b6cfibS8uh15m9IccoHzi5NQMjxd1MBTB/hAtooR9N9mR9kwiWaNpD40yBE0cPZlXpKKcCqk292WBx6dwhMU01PQLQ==', '2017-11-11 10:14:37'),
(118, 21, '1da9a3b38e966e4bcf4b5367c3890c1da8260c07bed634921aa0d015067a54d038854e89debd565e484fef178ccd40db941b8114b0aafb3f6b81f3972d3cc80bMbC4yE6XDQW4ltlstwI1btuzaCVeJdY1TtahUJie9XKTJctn1wPQKScQQRbVmPOl', '27b819f86d5ad8f4efa716cb26ee10589aafebdd9653a90dbce2c41fb05de713cbb809d2212b66a38e850b0148f28539a8d5f3a756c56ae8e22539e5af798875vzoNslRqmT9QIQtPzrnQvsXoAYacgWq4TXAIIxO8qyg43SWklkLXt5B7kbvdZzUPjMYw8hqf/WKELACvPiW/6w==', '2017-11-11 10:14:37'),
(119, 21, '6eb891054c581e68651888de3960b00eab28f7275855f62fa873e252be26f13d0c4a4affd435565aa8b6cdda3580a272b2f9ae10ee3dbf5f6b2ee4d3b0d14803H2aV1BakWGUNGajiVklqdfAqFFtT+n7OHCvWjx2IEU8DNTfUcZmNea5u1fxFmtQl', 'a0a46dcb08448858ecf5d1bcc125b2c517bf5a86c4a03df0ef6d57491458e9f6b8220c21e82d634e92b1474f12283e70399599fcec80cbb3e71c53f7da90fa1aFVxf+Ts7uxVLJrF8VOdxz6IACGpoCjSJ4ufMm0A4RbmuhCCpShlmWRinBs7IpSZ+fbbPgkPDqAWuy6oqBVE/sA==', '2017-11-11 10:14:37'),
(120, 21, '999eb638fd7a126ac9e175c79ea008aca440360aefca203ea0b721b207a4e9c01647d4caef7d8bf69023153a9c8e7933197f5e1adb5823355c25c2f4e2982faf+PfxF/SDplD9PFslsPQcA8sdWSI/ELiUOxVItzBygFRELjw6ADdl6Fz1ve/1HYKR', '3b1deca821a7b8fea2fe882161638a37b6976591d2bb927d6e2f0564c6c8907f0971f7e44637916ecb55c26599f3b7b4ead4ca578a0928ada779a761386177afUkNjiu6b3n07QjmhhnHZSGDyiFjJvFDOqlaIVXjQD2ORiNH2jjSTsDLAzlSe3H2sVY7HmLeBxmCzfjbKV1/rPg==', '2017-11-11 10:16:06'),
(121, 21, '3d208767ff783578e8b76bbb50d0eeee6520cf3f66bdd37c89105dbabd6b48170b084da430e0f0680b566389753a083c74c485fd1e13c024d34dd96602239086bWu/N4xmC3AdGC0lbLUezTzDn8Ma28cYb+4bHPRuICt50bMd1YkWfm8e7XOp5QS7', 'ef139668a0bc23d48c677f9f3ce3dd2bcca1506c50d5e48c382808a77cab028b7318d22d7edcafeae1bc55d8eba14f6f9daeb5e88091892a8d20621ce1d1c3efYu1BfT7+6qAJHD1QklYC6aKvIkCMY0o+UBstwqubkzwuwz803rjyxDHy6fOZZ7DDy9p4icWxWB6yfnHNqxyLHA==', '2017-11-11 10:16:06'),
(122, 21, 'c8c69a0326103c499a27c5e7f04ca745af798ce7692947d949775e63ae99eaca186ffc0cecc74aa69382211cf0a0ff40e7969c09a3fcf4f0648c6b7f0c533838UepCy0V3X3Xq08BJilXbKSF9W3/33jJaQDJWcPGihh7Iyj4cqWBeXM+8IiK+7nM6', 'c3f0e4c1d0841ea1f6c46bd47b1e54f0a0fc6a7f4355cf402e15de4fd6283faecb14b80423022b69766a2812de9b71b155ca2809fbe041bdab2ae4561c6edadevjFly6GcQcwbF/O4H0Ov4dO9KY9gHAdhXu4Na6O1UVLgB0ShrLeTHIcgN1J4SEBrNf/byUYGZND7xtT/1efnbg==', '2017-11-11 10:16:06'),
(123, 21, 'cfe6419fce19cc313f19bdcc2f2e5bfb0e5752e4caddb24c18b5ca23dd7e1f6bcedb35996b1fd6ca5e45dec0aba9847b2b7b9e5bfa51ac50c97603beab4659193IcGpXDIENcTChN7GlW/bB7bM8F3Pgo4voJ/OxYJjuRmrBfYdzhVPC8gI6VIXkJd', '28178c6e0f2eddb08fa21041c40eb568c31bb4bdc14b7c8ec16b073ca7e6b45e9739572326b3550bc7025cab41c2eb95c17f110226b41728a7f99257403b9503PKzsvuiqJvUufsTWar6Js5IX8awvkiZWxeh/Uyizy0M8zh2p/CHqLAF4RIGVVBXxmlkYkfQnW8OIhC++0BUGAQ==', '2017-11-11 10:16:06'),
(124, 21, '6dfe54b46016a10704bb71eedfa0f29ed038168ce07adc4d39ca68ffe66296767c81aa48d79d195a7b010101b3c953a26b319f6e99e28f1d2254ac4940c5f668hI+/hiLGFBlUQCpUKBnMehQYK6v3B43CchZg/cp7AuyOvDhLXfy4v3VJSRkqG6NX', '75c86f7240cf89b8caf2cc8c29077df0e6b5aae62951a21a1e4db6cc080cdb5716d7096e6823368aca52594029df69f339e23a7f7d04eba55d0c5adb11fbbf69zJoXFMi9DHEzuRn4BYutKu9Q79GnkGVTjncMH4Mj13v5NOTUVe1RiN0i+3dR/DcTzNwALIe2uT7FQTxf9Myn7A==', '2017-11-11 10:16:06'),
(125, 21, 'bcc28afbd2270e2dc9e73c7d65b91436dffada9779663d621629ff22c9b6b52f7e161985b1d8f16cbe6f23bc06b9394293a5e083deebd910322006a0d36439641JxmOyNTPONw6GzSKbXdPA4HelokA9j4lT9/pnigfSqOCaHU9Fw+/di0Vne/8m0p', 'd48f1783f2769633d8e5d84c435df5996951c754845bd62b5ebc9d16ba1d8a01cf8552b3680bb0c30d98d46804ad080d44120da0d0bf78178c4e9525c2e15cfecjUKmB473QeswZ2YOJLrTbiJ6C1Xv7O3hDmyxnRAS1cuwbArxHLI+Tq8/02e/xE5GFhD6vQIRSAz9xxBF9eBew==', '2017-11-11 10:16:07'),
(126, 21, '77627e66f7bfff74d6ef9c4d5223d9dfc2920621c52263fda3f45bfda8bb646edc30c8a3b3ee1d758a3867b485aa78f3c9fb73a7f3b7bc3730162030e3fe0e0dt/dM824aeN4j7RImFplJzJIu2fZK6f1GVzlvEx+Wd+lZyV5AP3IlH3yz02hqXq+D', '94b13895a320ece149f9711f35c3633a26752228f36feb970d06fc89262b549695b04b5427b6620a78b3f0b8321309f25bff481ffe5bf5151d7ec9378fa9230a4ziPPXWeu/nTRUwGMNu2mWk7owY82+h30DLkaidkfnRy99cpnEGKH53pqzJGyFalOixtseeOJqkMCbS1Hn6PBg==', '2017-11-11 10:16:07'),
(127, 21, '238a85e524cdccbef19d219bcf5b408bdf9d99b217fe20cc2c92cb45164fb4dbec2ef8040a841abd72ea48c0e3fc7868dbd05b85e58da01ded4865f2c1437f94ncCmlXSpmrBiOYlGmj4slh2A0C7GadcNfMITtaxj1AtJyvJyltYeRF+m97hRd3/7', '85402dbc7bb493c954d5f604d3fe1a6452e1447b1d2c31a6c055c0156c0c68eb686ab90f7c36daa09fa8b5f9d08fb48f59017d797a04856def6a3e3e42f39fedyVLth2VHKz3pHOsAySH/oJNQteEQJGaJD4EZ+aNjfak40HOQjbst2wHt4D2s7MhZKsnnmOx0W6wJAEhpvW34WA==', '2017-11-11 10:16:07'),
(128, 21, '17ab6a173bc0b3ec590cfbacde36a9a0d1a29e5986bced8031f7a4a3f361f3e204a577ae987696545f6a40ec4b35a0f0f072bbb551d91ff2d132401cf4423cd0qsekIH5MWcUIpPK+v5TECQFPa1m4vpthLQs3JHhzwrOSL7KbJU5CKjlSHj44BRG1', '99b16886557bed56df2a9d5d30ef97c1d2377da752c45514c6911b5ef873231486e08bfd992f2b947bc9e1f969104034aafd5a3af333840f39ff92923e49ff19uvSKVR6H/3qSEdC0wgOMtRkWO4ozuLADVkbOaQSuDQka9XJO/Hom3kwzlhiqX6wMTfuzGWowSqhb9uMndyZgAw==', '2017-11-11 10:16:07'),
(129, 21, '4f8da6e650a67081978c4193d11c9e4b838b58a327c90c45111fa8958dd28f4312fb01a4c49c37b368b2a12eb72b549c37731a8023c78bfbf320b91d5ef3eb8aCkyfopP8nDD5YbT+KXnXxmkqMmSC/p57NX0fCanwgY1IbkTHzFrx8/pL1i6uL+QZ', 'bda920aa09fe18dbaf05176889c12173af0338b0b45e460e063951e0cb3cef52c2d177d96bc4cbad2858a0d96c0c3dfd2fbcec3b8c446977b09037dd549f19b2mVrB7JVaXggXGrJe0bmOKDbhzBA58pEaC/hA+YGLtSeAnKjVb7iOXadDS4NNhtJSX2H3dfQFFDMNjuSrO8LS/Q==', '2017-11-11 10:16:07'),
(130, 21, '59419cf1f12da08b18dd995457700b964d887d5024867f9e9b915b8f3c85da264d23db084dea707064009129aa895cd0c18082744a752bf76c06c4d1249ca4a5YwjplzeHonNrMbA7pExoh3jJ1tgRrp9fK1RE7o6RTXY5RypxZxfIQLmycA8qQn9P', 'cf52f7c002b352e56ecd4c5351ee9a627592f77e9effc09eec60b436b3033e9e521adbbd6ce33c1922cb3b395668aac8d47e40161d5fb36a598bc966fdb81539l/6nxnTBXwoOURq8Ixr/LJrgVT9FFWuy0SOdM9V+Jeav3yLzu36AtzwPSsxdzSdo4tfJCLwwn0yG2vY+8lxtqg==', '2017-11-11 10:16:07'),
(131, 21, '4284994332c21f01783ca93d55cbd737af58fe0767e9b01ec29eee41c6a49e0604f6ee41e38257c04b6c43cbe125a7889302d2c36abbbdf38ac694920f2968e3vW9njTjILtDo7ZgIEI1exa1aXURlMtM2LOyU2CR49YJ71hwkHadTTHxCEnXjfW1/', 'a2df2b957f6d86cffc01daf842a2f5e5e53317bfd5af5a16282c5b632218bf97b231165c878d042eefb3f923c68443d0af05b42b7a8185d78f5626f55dbfb083N2g9Q3MkCiRXhBYH/1zSW3Rni3S0rN+KfrKs4BlKM/b6EbLPLVbmOQqbAVrab/vrHyvrURE4qc5vgbucle2cnw==', '2017-11-11 10:16:08'),
(132, 21, 'ae87112aa769dfc144e4e070d7b99ac96ef0740d6a10d21d8a391a4c3b181a61a7db5db00d618198f3f8207c736a08629f36e5676c6c59342ae27f51274e98efKgn++4JOe2NV9s7hIQeo82pppTJjCA9Xs1UUwRks+qD2674Z6yJavlLz7auXuiSP', 'ad2cf0a4984b56c689cb964aa311b451b3bf1fc836e498ba5bdbb121b4588c5eca366ab4c1e846cf3b6ba27b7e1f679091db419e1e76306563d5a26d512bcfd9sGw//yRYt51ya9Bxm48svWI6daQUlE/32dwQdNE1vjC0kScBepR8gQ5WuxaHDLxSXNuMkJZm7HF1lSJcuBSGJw==', '2017-11-11 10:16:08'),
(133, 21, '03cbe0d4dc8eb62eb38fb0c591064840ad5f932f3eee2338aeb1f0c8b707146a0d81a8cb8953a8af1ec3521c4849b648b4c5d8822213b74a86874ad628e2286fMqj2n5MXVPLIGtIx0g/P0ezuTSb7Ew+I/CEkbzJ4nOvgzmp4F7nnXf6hs1opg+O0', 'bec1cecc43fec7eae04b46502a6cb28a84c46e974aa09cfa5f60bc42353ead96453a7d5ee6527b9017f414cc80ce5fec870da6598f0f00d47490a8e5b534369chterBnQIXnOJa+GrXXZRaea8mIm3yUx8zz6TUaSBDHaLg1VNQ+hSStnG//9yIn8Cm8Dvl0F7QQVxazRQSne/FQ==', '2017-11-11 10:16:08'),
(134, 21, '426f89c7f17509abe2a7bb4575c28b03320c7fde724b1138ebc4c9e2c9cd673b2d0a105a4af5f63df1381205c5b42f4ac72ebc0b77fe5a0ab6880f65972f0599/KZhRs7egxucqqgNbNWURcUfHWEpJsSSB5jEY55tAXqVS5btXX5VkBCM3EONQkoo', 'ac524cd3c934401f4a470be246246d0c9b7017cf3f37e0068c3075cf4675f3602fa331c250b9b7b3fb5fa65d6e2f250601a38866df5f4b28fa4bc5a5030f8961LZdfx+6VKO0oVb/cCjtq/gI1C4XOGJ22g0wE9uJqG3vfcDsxZt4wI/9IdETSqMvGqrsNZioYKwFYf1AlwukBEg==', '2017-11-11 10:16:08'),
(135, 21, 'dd96c5a0d52674cbf08793195f1c4f860a9889c620b3b0983caa2f6a211c6886123785564d0bdda2adb24a576021ae6d8ee416f3654b201ebccaf35df2ea05bfQFaUyPQnccy9Rj7/o9NWNYsvaiDzrktCktE+G3+V/+FNMjIov3JE06Pt2bQBwsS1', '66103faeef42e20df4933ec407c6863f71cbb905fd6db521c67f3f0ef1c86bee03edf46fed0680f11edd1177ab7ca01c71740d238dc7c855951da5ede44d5f5dslSm+3/0DhyyguiaIqj7UW0d+hP9wOt5sD8bLC8isvKlasm5nIAcRpNiRBaVMOjHykxrtW0nCjSWfW+6a2RzXw==', '2017-11-11 10:16:08'),
(136, 21, 'cefe7bdf4958c0174e9d48b926f67b1892ae0c905932b61aac8746b508be62a9d8f35309b492dd88754c767e12013e1c89a25c4a9a4dec4c6ca32c225e875485qne8sYHHpUZuhUz8HNBIu88fFr7Vj2C42N2kKkCOnoky1eJsm25gYw4USDmeVxT5', '4a2d08f8412e13745f790ae6744c8308a4fa11fe6e366d9d6fa667e007f3b61bf9995da2654e004a6960531c3795c6c8050a783f741a8e5e41be09a0c3e7bce5OzNpcsq29hv2PHCNo3e7r83BWPooBPeJiIazqx5W/UigMuZbf1NdFX3GLekKRYKeKWlqC1KYMgoNMZGUdBUvlg==', '2017-11-11 10:16:08'),
(137, 21, '08af373bbac8f00b7c846c8d01334279b85996769570b4388b19974c35a293fe75ea5394ed100eaba0155b09523546dff586928b30aa79744ba104cb997be731YS5CIdq4Y1mwTQuQqf2qC8qMW8elryFgax89vTfg/5tHZ2V6HOfdLXDdCMWpbAgV', 'c2550ff2c5632fd2d31c9929028e3b6a108b7bc53bf6e8b71a52838f8e00ae0abec5831c6e1137677afb3c0eaf90a6bc1d1ec24361eef2ec1350168baf2007c7xcXHqflZBnDJ6XKEMKUzKYLIdvN2SuhWekZ6cfUvMS9EsZ0qKZGJD9LZSNuMAvoubbcESSDWCFqNy6ZTmS966w==', '2017-11-11 10:16:09'),
(138, 21, 'b3fb1b0480b44760d9bb0471be22fc601dfc2fe2064e736cb7b323fb3e32740a58d30e4dafc83062700f9bfb25162b6c57cae81775a6623ac85b33e92f951c43yb7pCupvtQXMcAhAR80lG+XaonM5+wPKZt7Mf5L+/yMimm9bB9ILk31Yf9E4Jhv5', '67862286bcdc0b257b6fe25363aed88e3fa959fb7ed093f1226d910a9e49c7a77e2808d476a66a978533a10e3ed998d13aa4c6101eec4fd8b29d5d5c7c9a0495HOi8iV5wTdmywIentDfrJbEZ6beTsKTZwAskWMBwdBMTvB9iLhWOqQgmOavWAGLxBlHd827uKxVT6GrEc0RlMg==', '2017-11-11 10:16:09'),
(139, 21, '5c689beca286f5864593d7d7c6c490e6a0b15fc31298373d729e00b993c387c71b63633fafa53f8cbf16260e1b99a34ea807133739e32181b3c3e25f55640bb0ixx1+F9VzDmry2jYl9FE3zeeuJBTiyMolKUeMFXBT9/hU+8s12jiF/56GACRzfLy', '102f4571e212d4aa94d4ab14c843d066016c24815f823283b87c128b523821e136802cfef1324be104ef07669b032ed4fdbaaa44b09c9ff82b4d2fd1a09ffb6d1gxVCVLnSvEhwVz4xfjUE+W4qCgGBtrsis1JktZ49l/V9BAOxpImA4Rm5fNVmExGIq1eGpMD7XR9PPEz6N+mpQ==', '2017-11-11 10:16:09'),
(140, 21, 'afb999d75dbfb1d97a3406f4da5d136e12e93b123f31e607af1b2b62113a925e0dc33a88b0fab0e5d8b9fc7da0533233bcaf27591f10c9b4e184d7dae2d02207bS7O9iep3JydIQx9Bb/3bltKaCfC8UYHwmtT/DeWfo4prPgaCYL8BjlGGgeDe3ID', '7f8355b2b70104606461cdbc0495bd93ccbc9a2792b27a3cb219a830cdd798edaba8919c06c8564b23fbc218add28056744d4baedb62da31b6320dcdd4ab5065tWDboJpCE9/gWGkUFjirKdJR5EykUoj+IUFLm9drDdlCg2AAxLWbkTK33z+hPOl+CFDRHKEwhYXJ2Q1elYARcw==', '2017-11-11 10:16:09'),
(141, 21, 'bd65dc2a9aa9c0c7c725db22c7bae876cc11a52a7a412dbab090fdbe7ff682af11d28a711f9f741f5f44dae09ea03ae9638e85c294a67249ae4a18a7643c007dSl2uWQtW82WFrDQUQtkLHg5I+ruxXxiDsPl0novnbauCvHtifm1w7+crdVD/HzU0', '704fcb06b6563bb683816c2c97a20a8f2105a49099eda6889a212ceeb95ac443e8eb321dbe06004d69f9172cd7203895116ae8821cecc65a3c8d332366988a4ehjEkVxeiJypnicxC1C/qqooNsmcFSrol5NEhSxfzPdkKq6N/NZQZbbIYtbKFQhYo3HMdDP/+7J+CE/tks++qIQ==', '2017-11-11 10:18:00'),
(142, 21, '431483575209e2caca48fee2e8529801360ae8fd70d4f24b01a1f3c54c6d8372f4dad855f47295bfc6dbe3788c933f2c94facd9458225f010840c2f444483a3c6d2VKWfM5QQb4IhLMhjGlkhAnZoQw+gXaWZyNqjwCDALtZC9SGGy09+781tT6SLD', 'bcd67e72538beeebc6857f5371b599ddb0b1144ac18e554581325aa49753ff8f667152740d16dfd2631651b1af5f6dbacc7c6c1fb535271c3744f89f886eaac1bdR9BKYKeTxJAbq7Odmas60Kqjj2hxAfb+RL9jJCNluV9bPK3hSAOlptnPJtQRXqhCCJ/INsnBvWeBvXhOyt0Q==', '2017-11-11 10:18:00'),
(143, 21, 'f49f0486d1adcc17597ac6270beba218e2ddfcfedb4db04787498346ce526b1c640c582b40e1f3b089e10ca395fd3197fc01b3ea687635faf1ea4b5bac72abaepHseNS3h8pcqZLuPhi/sgbaRi5aPkK8Segmpx4aQHc1ZorU+RU+sZFMQOODgA7Bh', 'ac79ed46c0f65e43e37b1b095749eb6afdc1d626ebb2b5ba811ad6dbf888a4cb5feecae7fde023f36e2f0f50d5617a7f35fd6e2f4ff6e5cd1feeea19f20bbd7eKS5ycOkIoUkVD+RcTdlGLfvwcaIx7ZKF4YxDuIvqSNp1zEWQ/JHjG0Uw6PreSW6gwi7XbEpaKp5dYBN09LRvfg==', '2017-11-11 10:18:00'),
(144, 21, 'e95a6e633ac1ad020fdac527330cea4dfc4b80e46606f9296f56ec5a7a7bccca316485cec53b7f87aad21385989c3c07b9ae47f9448c57c861a7a8ed1767ad72IiVC5DjdpKa6jcwKCzAaCdxWZia7k0DAGRgwIqEpbEnyETxhb+Mj3+Nq6K8ZMrMj', 'cd7037e39401a0c92b75f8bc656af27cefd76cf7d98e07c0b085fb1e3a8feb12a3ba940e5fe242a65285e7b1f6caea03f87419ad15a1e1bf77d3b192d961a377iU3kAJjxRYIekOGfUjq5zmnKdQjeYEUDSjm79E00kZJ1hpVRBxaGsacglbG+hF9V4Lp6c7sY7jyj55wwtfHTjw==', '2017-11-11 10:18:01'),
(145, 21, 'ef25ae23c25bcb9d352f5ccad0de6426b46eaef5a699288b1fac545be5b75f51a589fb6dc7e61f2ea1ecb25ff2c0991cb489c27de1e44390535bda732ced49cbLfyVhQjlFzT8AvLDChYMwj8hkyvpgvtk883SAcNxjRrl9ffUZPTp4MEqKhpjVhuq', '7d0a41e16d88d8e79abc94684d2aaeb6325aa42f56a287d607712058e4e387aca137cedd9fc1195181252e6a419c9e470f36e298fab7272e2ad47916aedb5e8cZP/kBY1Di95ASMuXo2n3K2EfKX6q3q7E2C6w9AcH8Bf21NN0R6KIMqScAo9f4XjVZKFs1K/3VrJHSx55BybLhQ==', '2017-11-11 10:18:01'),
(146, 21, 'ded2b803629977807914f6e75bc4984847d6c94ed265f775473b826b025b90deeb5e3f6ce1f3cf46ca7ddefc3025ce83c2ed660953f46b46fcfe705d51d37efewsv1vIyUVRpDaLGxnbfokhM1A4gpjZ1XCdkYG0DrRHn1ATFNEZ0BhBrP39zUof+L', '20e3c70eb0ef58c8cd998d8a44c0fbc0b5277952efccc940560cf72396859fd82c70246eb01351c39b54722b2f6a98cd42d97c6c41e0b438c9fc439f9500b523MTgIRChmlLYgTBIyJLNQVmp/QzhUGmWqGqRu1PY8EUaMAtW8IXtN6JD4hVXVDQHyfsieyPRwsk6kxBl2uD+2NQ==', '2017-11-11 10:18:01'),
(147, 21, '4a744861e6baadfdaf8fbefda1f014bfecfbc93dfaf2adf405ea34c4d52142a1845971b282add4848727ed5a9df02bc29e20b157df0b53283f132e339d1a2bd1CIrKM2fX0kKgQkUrDSBURblS5hDSsJL8NhMaON3gU+mXMbkuEfqEkr1hPpDJYro6', 'a199867fef06613e0a90bcdffc3d33ac00363c32d86c37a85925b85eb493b96d443a1c3641043915d42458ab82921fedba10dd0153678bdfc9fa47cffe4c3715f6OGWFYZGkxw06VWfY0Ajz0E375oRWd3vKauZAfYSyWDAdbUozVobm6yCWqAz7+/aZOr+PfMRdhAN6lDGXsYsg==', '2017-11-11 10:18:01'),
(148, 21, 'a8646436aecb0e92d15423349479918a4e93c0c21d0e074d8262e6c2024a153e3023e1b3fa986e1fed46ed1b31214d36ee15e8ff2ad502f7f9b84ee09fe4bdc8hq3aaWeM62MUPRJ0PQYWPD/oB0RJiG6yEXc5C4NhV0zTwCgQbM5fcw2Lho9Mem7T', '7d140f0d7dfde1ec46a764504abd547774a9da2b6082dd3f13588f42d98845893b5a039bf9c18f3daffe7013c4e4de0a5248b3f8d318e50b14e1dc1991a2d7c7V1lj93naZ435M3qq2qH29IkLLC+syAQ4Yi3hizB3tQEKkQINbVCh7+2fWRkABzDR1rQZfDn9ziFxSlR2ar7fKg==', '2017-11-11 10:18:01'),
(149, 21, 'd9891111f19c655e4280a35bad1d662b7f41bfe2245fee44e06db352fc3663c224f0033ca353a876e97f3487aa5bc8e56873075ef9c600f19085f2f5ce2c5312q21qjJ6yxsY2NJIEBc7n+StpFIsIKdbPLks2NK0oXqVseRwhhSYaPGR87AtzECqE', '40ea12f7b74d3e7c3a74eadfb9dd72ed96c017f3872e3c293b6c5106f8c64565862cd2fce276621080da47632af71e4531dec5ad9df867f9a285c617db07cd0bpEamHFlFB4zjoX0b4Jj9XAa6Ulp4SgQD2AUjzGac0W3viFv3ME8kN2IoUbTRGKNtQruEIDCwV9HS9+19WiVD5g==', '2017-11-11 10:18:01'),
(150, 21, '579f6d94cf865a2245ce6483987e9a2b67f5963e9f3e998b076508d2cc16a9291a8da1ffa1fc6243c471aa656e437f5cfe08ef6579d76bb277ed097ccd6bc06fRdctG6LoySkwfwEn1d9TOaVfIW+C9Iu4+ilBZqYnSTd4UhSxOFp5gXMEgxW4akFg', '311205f0ad405bd519c556e96f814cef74b45352ce873b8404193174f236cc3ab59deb8341ff796ad84f6e427e542102e83523668ca135a2b4752e4bcdfbd1b6Efmuygzda7oanmb0V06GP+Ojdove3qww9D9zx5JOYfo0EC1L3MHWKTKdlBoUG1KmUX6H6qgio5mibZ7xfcrK5g==', '2017-11-11 10:18:01'),
(151, 21, '58a0c8f9bfc4ad707fe371851350a712958027afa29ef0350cd0c3c339a86683d913b778c9a5ba19821d1fb5f233ec2091f208325a6a2e6054e4c0c54f8080242FbQNZlZJA5Aj3fTNwPUsCsv10fHJWH7S9FaOR6KdskI/jXSaocG6jcGwH8JSnVJ', '3625018a970033be27e3f0ee2cd8be279950d9db1afb0466f40717097cec1d516acf8a71b340c0ed237f4bd793df2a7b5c99c26985183738be11b5cd284a9be9Jeu9Zwxg3/WLYC5du4PVjbtlc6NSK92Ib80F0/iDeEZUNPoPKTNJB6KLMmOzvaQxXeoHvVQb6xznZhMk1q4oPQ==', '2017-11-11 10:18:02'),
(152, 21, '7ecc2ae61a8f6a035e92d9e962fbfc451e9706b66a9f8c5023f1891cd7a2d27de6dd8ff865f6a16eb6251dd0a55e340a7013ebab50a854dbf16592259f5a7b27E44UIAoFpPlLHoUZsygAT1jY0wrhx9UkN2f2NRIjWNtHfvqKvk2gLUIB0ToAmddx', '52346ba296bb29b2d1a9bfc0e5ed5717a71ed6d2bc34f54aa6ea9fb70edfa8395d245117b3f440d4ed149f9089d319352895fc430b447897f083c9dc6c9faa83BQZOR9xmh2QMbIWGWJxvf4Qn/MDZI1TcUHD9PP6/Apr5rh8u+DRnAiNUHN4RMkXjk9l5Bcp8hAOA3lPFpYGj0w==', '2017-11-11 10:18:02'),
(153, 21, '6326983b5e852e8d741b1eee821fe5a9493ae1bf81bfb1559a43e0da65a362c4d42f52f8a057c8a48b765f6ce496af4b761bbc4e0232da8dccb4f987511ea64bz/YbQb+giqmfoPeypwkR645sJUL5opHhNpIhnWRg+jCbC3XtcFAWY6IULSNnrngB', '113f42e5bd4300627f781cdfd7c3fb47589c03f14b9546b3a0baab45eda8e7a1999b2c00b48db5b21e9f5a22936923e9835f81f5584ce004c9823fcec61c8edd79/mBOTZMWultaodUXI1/DAglLUuUh6u29UA9FfTuHNPrGXw57aEkumcyqNw7kPwJp0aletn5FbxqP3nFwZRrQ==', '2017-11-11 10:18:02'),
(154, 21, '21e6fd164c3757e7e48e27b32cebceaf18987eb644419cf7d1221a22ab6371582756aeb511c78e7452f93e8da5822033e0a1ae4b008b577887eba1b592558632j02uxkWnl2oPX0EfVpXHk+VpYE216h6/c5hZeEhUutt83YC4l6vle/w89mPgYeal', 'f838d2d8644c9b82c9b6fa1d58e41988ddb7de6ef245eaa30e1aeca265df3dae3ad37e5166f653375f7a76f4603a0d0052930540a70d65d732eacc30bae6c9bbxF7bZx7WkRhG2Pp7QZbaD4LN94RvcHHHFCXCabpbqD51KhwAmk4imCW7fma0FunPwblbic4Fge0R3TNBfF80jg==', '2017-11-11 10:18:02'),
(155, 21, '3db0323fa05d7e813e16aebdad6b82bad2fdc99adde3ec49115d467696dcdf95f74a116425e9425f2ba13e284001d2e0a62ba4804e6a0ac746f22d4baf296575DbqneAIDD+Z8H+ss6IubAydP7Qgjc64CAQZggX3DclF4LIGQLsSjyxAQQ4mK+9J6', '9063333664f8c2834ad157ca759a720fef0a4d5eb057c603c39ef13b293560c235cb1dfe7c4bf04d1942e1688ed49d46b83f37ad5c1eb9c63e7e0926f5710e2ckGqLScXRxIcLQOpBqrpt3y/82eEi9QDPMRvCrqHwR/CPWq4zXQaVc2QRsjkd8wMAal9m4UmiUCZU70ChGUmjBw==', '2017-11-11 10:18:02'),
(156, 21, 'aa81d7bff8b6378b912f2b2fb1bbe4a1c14fc0f131a03ebd610169869cd96ec5bf6cb3a1bb3849cd59d1ebd2d35b3f0b3a5b4ff442041099722f8329a6275dd7gaLQHcMprbpT9BFrKvFZ4kjVFmK0W/lN2r6psU47Bkv8qHYOKZ7jTZ7ORwRundcm', 'ae06e69cb144dcb606d9de69071feab4f3cfd4e35672a91df141eb508a0b7232fa5a596d358b7982adde0d8bf910475be4345b89e0694030333a163c3d4670f2emRgJl0AJ/B+tULMz/qGXHyGAJdqjb2Tz0OfodZew0iBVCBFvwUajgvgXYhw5LJpC42nE19ehMiSdNclK2tkTg==', '2017-11-11 10:18:02'),
(157, 21, '76b693e8f088dc423211689d9936526d7405b05c7b50ebaf874e06f828caaec3b64649b99aa744fb1d8bfb41a6c045d981c644321891ea3dd3b4a9fe187fcc14OpExMrRmEgPJ1Ea0kvixqwk1PmE8omRkcmotXll6sQqVQOZLhw8lTZ6jySldcZm5', '5f637e06edda8b37cf98ca2591159467306d22d5fc76926d1336e81528139f3af5965cde717fca45607fdbd90289985d7f0e8ce8b31e79fa4145427f51bdbdd8fWWB06umsM3+HIknuCT6F7xUY7bmGxN4Dq4HuWKL8RmfWEWQ8G7NsTT8cTApKSQZMg8cyDGQx9XWcaPDYfgBBQ==', '2017-11-11 10:18:02'),
(158, 21, '7bb5015a2e6b1d05153f523bff73ef72253f3d353651f611f199fc5bc4f74399b7ef705883f65a00c062d2d0e386b7ee4df369b0fae98dba3e3809074c73e7a1A+yoloAmKTT8aIyskhjfS7+4yyCvX+pjRFgQqUBNegp/GjbRCzAvpqf+4mFewwCT', '46303fb8ef5998b3257e09884416a70e9cf557a2f92cf1f339193916fac686d92620b5f59657ce8c8834c1c374c0f4ab46090f6bba581bf613bec38bdde4f4a0fjmM9gXs1A5TAAaOJNkcKFhx/7tbt23SdT7oUAktE5BguADs0ePWB0FnsfeRtFga16gjUDUYFX3sqjbRZ1erGQ==', '2017-11-11 10:18:03'),
(159, 21, '9173226a329e4c2a77f1275ed9e6f3a9f62ebaba03ca16969e7bbf7b94b5bc1e21eccd87c08352bf7b91e1c73933292fa4f98196619dfd295d9976c039ce5ac6SaqrYJS40lp3eJR8RTNDtV9eJpNzXP4vKJEd6gKQ82ZGd+q0TlHHyWj9MuVa3EWB', '20207e9d9ad8321c7b8d6d03f461723cbbf96504c48453b28b63a4cb896e0cc4dd2b75068ef2cab027c91954b09318b4b666d6ee75f21eb17c1804421cdf5888MDYyTx07Y65nSIG4rC0D7QJBJ7YR0cCpBu4qHCxY+A6vpU8GGb6TB9dCkKb020RMVp/ZaEtuEXGMcpRjSqglbQ==', '2017-11-11 10:18:03'),
(160, 21, 'a01c7c9dc5756f7b5c71b02e50f9ab1fea913bd27d26bc436a97841af22294125a6ec80deb90443fffd4d613773900ee6c77dab2415a302512c5f1c706136704yAz/k8J3ttOT8kP1cAuSEPLmh2zAlQOfMWgKgPAgsm8Ldz+ivDMMiKw64OjpiSC7', 'f1829b7361a2bc3d5af7baaaa7244b07c7d53e053b5f7b53f7c781a222791a05e522d577e3105505a3c3344ce0c22b54e66f5384ad936d9735052bf6e301d9010qveItT7e4WL2+Z6suqXPmzuT5Dq9q5pq2+yQn3sQvm+o73xiwlgnpkKRlZKhlwX39jcavBXB/Hpa8ruKkGA5g==', '2017-11-11 10:18:03'),
(161, 21, 'b15b5f012e648040be605f4c99a3b3861fc1ebc47c8aac59d5e6caab4551a662cd2299105260931b16366ae9a5b096ea42c0621f86209e0ca0e29205ed8d683fTNgTfT7Ex+aId9XDj5dHC3ieIEkxfNsQUCZZC+57Nmgg3L2tnq5PcIddnEaZjGqz', '5638e9ed377d91d02cb736b8309330b2224369005342533823d8652cba0cd64a789fd9800aa3a1f61edf1a29939775779a3f917cd421d9dbccb30e8433c4b91eE6Yvnxk7MN4ULoPrrre56kQYISq+k8yC0JkL6z/myEVvkCeKf4FSpgZ5UFzh280hGyDbGEmr25qq7S+OsIttZA==', '2017-11-11 10:18:03'),
(162, 21, 'fe5b3fb6a11beb14b39cc73b621f14a216775b3776a760fc412bc2893080d428a3cfb830758b33c1aedfc1122efe6ad7418e68c9b3bb3557d6bf8faa2805f552FE5Qq6R8f7xI6Fh8/nZXwXFv1WFNmF3XtW77KiQt+wM=', '0219f57f9db2251a37320e73c83ec139de1ae7086576f79eadbd70359710647a775e838578b0cbd2fd3d4324be1577dd7808c8a9dfd1e4c4c3e6470ec998efc1Zi7aAkqFYKQEwagXOZtQ9S9LoHttLKtMbQerQvGc/Citio6ZWwGH7XBNUq6/brg+NZGry2ggoUNkdO1UHTaZWQ==', '2017-11-11 10:30:49'),
(163, 21, 'e79d5c94e6668548c457d5b97021af6cec2e7bbf0f9a9e6dea80f18781c692cf451004d17e3cf63e27b029571961668469bbe300b9351b2efc3aaf6ad84c9d37ClTwIyCeENsV857DIdqybPh4a0tDuihzX+6z8P0vmsr0uKVIkyncq8URBQOh/JaG', '2de410852beae75e4125a0dde1eb35d963b6ea3af5bc1df36c0b15fab14fffa7fc8550ba7e764b71b1b42b51b2698c9e013a436be317330cf5d155242c7fa689cSM0L9JOQUbViXVCw21gIWiJg6hP/VoEqxSy0cPytt38R9yWSdQWG+KI82kMyB9awqykxXb3MP2v+6cB28HHxw==', '2017-11-11 10:31:01'),
(164, 21, 'c43d0c3863dd98ddb409739cf103900e29cd9acc0ed1cda8f2b1a985bf6693492426160d560ca4c366d32a8e1202df1ab54ea1f3a2a5f094c704c0549abe6cffClaiGhRs12/6u+RowzpAmOs68NybIDtzBaToUoIwFXwgTTJfQS5louK/xspGTWzO', 'bd87efc6dab9432e410da065e21fa7d2d457cc1ea71a0fad6615989710798185e2c46408d59e96ecac6483746ba751bf35d40acb666920c75cb5a68edf1a51afBjlbl7AAn0VEhMweGSTvd4pOuD7QinCBqliCw2+cIPYaZmT5oWRMiuiOvMt8FQg4584ajwTRE8ZYjdfzS3H2KQ==', '2017-11-11 10:31:01'),
(165, 21, '1b89f2b1b8df451043833e088117a5358547ccfc748a6db4ed321c2e5e48e028d00bc0a961f9183df822da1add08cbac0a7e81028297b6b3b14421e4221979e7qtaYZQezHSi/GwPnndaeDGSCPFe36MivffPxOfyhigRBVOccR+kaHnK01MHzoepu', '80d84cc5b72a25c3034778a12ac3113642528900bb1a8d86a87a6d8cdd8277b69ce80cc42aa5c6bd60fdb073c6565d0c0fa3deed389838bc80a882107d198541B7n0cc65xqf57YJVYVvRBGVFlNyhti8piULjnNMdxhLOHzRD6duAacnTko5Z8tNECUXpLQ2BoXXSpgmmRjVwBQ==', '2017-11-11 10:31:01'),
(166, 21, 'ec89e7c69b7c5903b364cd98d93d5df446038ca63021a6398f6946cdbd070eb8826d450911cf5d5c1853f5f54d5546a5044fde2b74e9015e20be7e41c19aae6f2l61Q//t745FZf+YyujuzMEScxb2Sotd6klEtwYbM8nwzRvIQQukyYuN4aTPiiAn', '4cc18f23918c3f9d3fccc1157ee049a28fdc4157753927989f901cd00b355502d1fa4f9f04deb14e8a61d7bec0b56ac17bfb7ca29bb82e01420b98e206e5ff07T6H1dt9Vskt9B0TQtRbvRFAFCB2qvKsX7ArM6Lh8k+N2X4k5GMRZyAyOrENqQXH+Mi/1gyLf7YtIzAGXPWzqXw==', '2017-11-11 10:31:02'),
(167, 21, '4c62d4f3b9b949b4b7f3f160743eb01a0fc360c01fddd869fc6120acf7b53a2cf7e7cc9cc6da29466493b6ec76e0c0a97ef1d6010008557b4b8d429089088b0bEcibw1Q3CfgSbCTLngnRhvilhPk51JmWJZ9myhFziA0wF0BEaT0ROPYYVsqOchwp', '96fba381a9cf3a1cc36f95aed1cd96f5db04d091c917d80d183955aabdc33e561cbd5f803ef1fd21f5f2961781afa8ea093ac171a58b55454d3b49b54e38e770KCRkjqifIkdKmm4R0fJGDSEgX211jcwJOScY2D/tJKWoeoZ6Dq4J46gCCLuVgMiWpkqj9mEyMKdJCZhWseGTkQ==', '2017-11-11 10:31:02'),
(168, 21, '746c7d228be169c06d473786f899d91f388c634d1e2f4317927f929ad0352f6a2a67b62309d9d82048e850af9e569224768bfc0e63dad2bdcc47b73444e0b3dessS4GFRQjDWOlfSnudrlU6bLzgcjLVOd0y4/gf8NVdVQIS9G3kjhlkYgZ1+DSOzr', '0c5655e28c785728ec8cf88f233e93fc187fd08b0fa3a66f5450aae3d9426dddbcb41cabca0d3737bc0ee77801dea35da71382edde8168034984c9fe4ad23adejPa5+FjSLljclIJTiHsL3CnVtB97xS4tFNCdDv+rxbOXLPk0t7v3S7DM5aERGS5W2YmP9p5+0EabeDxn82t1AA==', '2017-11-11 10:31:02'),
(169, 21, 'b744bdde915ddec94083dd8fe76d59c6c3dccca0e32b0ccd2803cea802c46d92042ab471f9fb7781ab195f21c2786affe04495a513e1dd1280cc6654fad5229fLxPmGWmKff11qSOo/+P0VktpPrZbiKbbrYAUf4i8d8YBtWcu2fQVf/g2F/RuoXT5', '0d8bd7e9fea8e71512e3e26594182c8c9cb8d6f5a658c9d70166aff9d0a6376c21ed69a499b3b8d1c8f6e327b41afdbd9f68e1ce535c2213273dc87339dce7a1OKJyrRFImOLokXfacbm9TJc/dsSVwHyQN+5q2aqhGPgMFBgMb8pgh8rkamCOrTZQWoHr9JoBDt56AwuBAY1eBw==', '2017-11-11 10:31:02'),
(170, 21, '80627c99dbc94d8b550636d699114a129bf99297c7575b6276630811aa1f59581c981ad2fd9a9b16a40e3f3a36876294c0a2f4d1183d098a83dd7e50eaac36abXVEHjlP2Ab44X2fuRhVsNeRV8m1Lx14qRX9SG1tPuHaJyclV20Eovo0Fr71S3Nt/', 'b8ad4d046ea459040de5ebe0241561dbeea36d9fc7204a9ad98807265baf87f99d218275b935bb256e05ea2f4431aaa4cca1160d55683dd66300e753a07f0a4cvBbGX7wGrsn9DwbDerPpkOkU8jg6wMqN1o5eES2Lo/yrM/Oy6GuLDAanKuQbX6J1vzSyDg29bz27AqET3AbzvA==', '2017-11-11 10:31:02'),
(171, 21, '9bad7b1ba292481816de0c0131574f23766d1e8f8a7937036a209142b24bed94acb9aa51b02b180b38c48560d03812a894b559a9283495c2a64f621842f6cae2iPr1MTpj3hbem1E8u7Moix1ZXqk/24lJ1/NcwAAR5WhY2rnrmdSd89TxvQf+JXDX', '5f73febacb3671858943a64749d48a0ef310975da2517a03c177ea0ad6f1a1f38f737fea75e0629f97d55efe49c61562f3902646463c54b177ae280f78fb4cc6/WbZUSfVghew8Ylp7M/SbL1Kw/TsJljApYOgEWtIx9jY84Ik3ykP1dekkiQXFt7CLK8FwpC3wKahc4hiLQu3zg==', '2017-11-11 10:31:02'),
(172, 21, 'a6906cf74660769884f555c1c603f5200659c46e658409c923a53d8236abfa8104c0f0b1ea4ac6a461d80c003a85f9c1a15a157ac8beea9a7f686d241e13d5b3YXEAdVOqq+TvEze6aYo21lXRFxMUh6NMLvg57tiJKpEnSnvjI8tS3H85Judgy6+W', '8b2dcc9c1928a8218b2ba9607c9266d8075f560a12b16a40170fd8d0cda590219987d752f2fcec120f815b847f9c0c8fab8e27886a2b11225e8fccea03b88211xvrj15T9CbJlbl/1eHas7ejbIf3Lhpku+5fWZaGNC13sDtyoefm95ezLeC2Ow5hh7saJhk526RxPYQ70shgYQg==', '2017-11-11 10:31:02'),
(173, 21, '2be555c21329b5b03393b9d494b745279280c1bf13c85157671a25295d6701d83b8b1ae457db20dd31c2fcb784295e7a8e19acbb15e21740b83897a60baea9baW31UCE8dIoZmsZXCFs2t+TViFcdoi2Mb9AOEjYIz1uD/djUsG0f5Kk0yPavUWveo', 'e972f5563fc2d7316fe4f0e10755fd685b7d66e7f87e2e290a5d28836bbbf4890f12ccacdb7ec952d19ef9745ec90473d263301670c8669f7870d6fdac60df750K7NM9VJUkQ4AzuXbbDZZrDpU09nl/m8Nn91MSWQgR0JmYW9XWoHguf2J9DvaAxiJn4I8zi6zjOGiNdQKyMUzA==', '2017-11-11 10:31:03'),
(174, 21, '7e3d58e598cd287692b4fc4fb35538d6c086253b94a91c0bfe3961751f20ebec5ab6589002d7c5323d93c2c93b6e7d98d5d6c8e2324d443db387e47c93cb35884RdJlrnpUXS1EwsbnGWrt/78m3wUV/SjQikc3r5nGxqvw2kKeOavuXPJbxSNtfLt', '630f414e9151d9df69e4bc8292c57b37afe4054f56502f0fef2815bdab7399245c4253d2e7c7e142f505e9aa4c7cb921f7553eec3e04b1137faa379b0cc2bcfftwGXR2oxlPlFEPCumAsfwk3zl7JpUzi5ofIn+1GVWTs6eFXRSrcC4G7HohkuNlj+CWaM7kzrSU6MXiP9Rrcm2A==', '2017-11-11 10:31:03'),
(175, 21, '0100eea20fb373d66df6ef18bcadf7c25a6d58403495009c897a629b269c15409e017fc05ccfc63a5a80ec5a6e9c00a839e8e33fc32f1d22db7d20cacdd67c70rb98F/kZlE2bWHfyfSbWBaPbNVNgv5CF82bj/a+q8Uq8KZn1W+Bdqq1fpjwT0y5L', '2f49087b38c85c00f272f5c9c46aed9615b8892558c652e0176f8e70b68550c9dbcb2b527d226058b3773122610f452c76e3676540a60ff83c51716700bcf4f2+Bl+0nThcpckGMvz7pQ1maShaeldsOC2VsCqZzNiCRkJFdZ0TupxJfGIQe5t2d3LkDiTTV1slJN7YcYdbKwK3w==', '2017-11-11 10:31:03'),
(176, 21, 'dd5e9e45488db6dd8431e2fc8fba18ef0b3c7284a129b47310b09bcac3e72f81ee9cd96d31377ecfabc07e97d97b99a201714eebec24ddea5ffdbee8b7049677vPcL5/409+uViYfUCSa8aG4XpBGOSLABIViC44XMnVZDWa2xTrfyyL6xmWF/vA+j', 'b896370c308a3a299481c02f11f9537333dfe4e5d57566f1227d6337a73cf0905d3bd151f413fac0970a022cda2501c2cea8e77b0126b51119d528fd82050927LQii90EfdPo74/HcOzbUPlah95hb3VfFwicP3rB7p1CZQYMb5hWSNHxcgQluMmZljt2rGa32LheBSIkon4SJ8g==', '2017-11-11 10:31:03'),
(177, 21, 'bafc602194dc181562f76f44ca530e123722f5c4c71ed4133a528f58f05a2dc4c0753056ef2ff688b4fda0281e20da70c94a7b7e8289a7a7e509def1554ffe26rKz313P2un89H8tVJsTyYUefAvNT2XOMapOG40v79YomRwbTjIv3bXiWG5jtNwwv', 'd1c5c79b42e878bf6382e34294e91363581e8997fd3083cd1aa439190daa0eec5f12b9ea6828e22717c43691059931937b0a9488a5eeea5356f8337be9405a98gGe8jupxYJ+yr4xk5uFRCRWw6DLAZgzlSr1CQaviiKrRdqMjOHdeWrVtUIEtehY36hhVh4HP41jqt59HLpCLsw==', '2017-11-11 10:31:03'),
(178, 21, '9f79087d647e709302dd07b16d755ac0dd66297af89d4c1b89029d83ca3ac01a9933601243f3e8982200d14a5ac7184ed3287463d93eb60cc12476802b87ece6GuOJZ4YY/CF5e+WNExHZgG7y4Xbd8wsY5kGdg3Gn99BhQL4K1c6DJPWqt7sAxi+Y', 'e1197d89229aa2cf814cc1b745d72f9ab6510013d326a89fefc3ca5e3960eb237da87296e033461de033a207c40665a03399032ae3064b870eeabc2aa7dfdeb7qJjEGgmaxKWayUDekl/tsars+belm/3cJ4wIPPEcmMn3Sk5//f7XaRcmhRKLlT5eg3DdIGo99xUa19vG5Ek5kw==', '2017-11-11 10:31:03'),
(179, 21, '1fb7e33ba9f25be78742400615303e0326912270f62552328754b80b7156641e3038fbca23e816c75a2ebe661697edf058b1dceae1d62f763d5c63d02c7b0721A5aYY5TM6Tt5CMZP/j3EmdMV2NXP6NV35lRBRj8F1ZG0maJxuQnEN/r3dLaMr6LP', '9e58bf8b709f230d837d57e9b31b97049f05166e26decc7a9c7a3c4323730631b48d282cbe7c42341af4b90f7184034a662db8311548dba70ce613ec3bb8337bbxLznc9PbxGbSFqTGuaNFh3bBFT92lOmPblnWrkNUrKmDOu7+1s3sG2xETiU8+hJrpZQB7mtpFIVvmOg91TGtQ==', '2017-11-11 10:31:04'),
(180, 21, '01283ec404f69777e6b77e5aad6080b54ba818d1b95b419d16c3adf959d4e5e920e82ab5d0f6bb5c8eba517364fc81b5c17ace5dac33495994d8762ab155af0fqsZ+lBVCXNorX4EiLgIz+bVZYsg2ZDFPTf6TPJTX3ksW7Ilp/ETnwn7zvVMzubUX', 'a2c60e512ad608aa5fd3f016244cf44c7954b5f897d0dafb94f1747eacd068a60b83a34a11a9dceb40938ee40917f08df7d2c09341ce449e2a82190cb82700cc/hf5A+OoSCj7RbIXTV5hQsR/Wl6GL/zwMPdqKSTnk7Dvv+guX9TN92v2HYaaEKlduuzM7hbxAezJOLzuGCy+/g==', '2017-11-11 10:31:04'),
(181, 21, 'e51e602a4a1e95977fec712872767c89bc9c0832baefeb29ed792fc245d1b0b43bc881690636b9b6fc4d525b96e09639179f51464a705865956d7d323afb1a6bZ+w+9ChHH0AL5QovzOtL2uBSBNEIV+vJ+RtRBsMVCIC7N5shSlmMwAEou/Og11f1', 'c5381d2191829187148b2a4d19998ef3291d258634e8f6601c803daf6070f8b35d3f54c5c15e441283b5bc3db9df9ec3373502e153bf4f5eb883042c5cc71a0aJoCU9fyWNCQsLpwNpgVMsqUHco4WflqXzDrUsl56i/vQnN8GH8F3eb8MMQat+emaXLkM/+ZP2qLt0X3uLtQv6A==', '2017-11-11 10:31:04'),
(182, 21, '6791df5507772210e295ff6b5da796d0764a379c48bc501d2b592dfe6eebfc588aacf9a31810b6c263e4168d6057de003c223ecb45fa2f7c5ca84dfe2598da25Xx1G5aAdtR2bbfRT5+MXkkdCP5sfdIDkM5qf/El08Urjk9UQV4kNbNUSJhTuWmci', 'b82e121f7f3736d28d2a4a0d35fb4683e951d07804595b21b7f88ec76a1c6a201e88f3cca6652b8769ad32c5444ace8b24273093c544643d4865deeae873b32aXRGFpETXwwqVNm7JR3dRhutQew7HmpK6HWtro78Z8/KTCl7dnp6B+4Wkh4AHA1K5+ZJGIhEupD5alGdYQvV/8A==', '2017-11-11 10:31:04'),
(183, 21, 'd0d46c13ee64519fe68b2338327fa65dafed32522d500b35615475c8284656701f60443b8860d5949552c8306cc94bfea1d68d2bbd17d76ebec1e08ebf6585afqqiceMSoENOCmyHU6xmv4PQH0NaHuLvjWjF6OIyFFEtjHDC1AZcVfoWMLV/vyO/d', 'fe5957caee85c3bd2dca5486715247bf467a14162e2096bcba3de9640a9a45efb193ce454f24dc0b8d52676bd295851be033c593e609b12bc894aa788447db4fMy7qEnt8/XLIletIOLRnW9C8doQFhDK1JxWtnZyr8ZWpqHRMX/33AfhgQ0OmdJNBwPK5xsFwcpQH8GkonHHreQ==', '2017-11-11 10:31:04'),
(184, 21, '38623fe818683b32ee9169aa4bf3f693e1943702e5216986ad4ac6f8b6ca930da6ab7b3c40f27a0002e01bb29171e1f412aa83f06a5ccdffe7884a75ca63694178idrlY1Ap07/pjsYhxlb9PGSgRmeyvjFyuwaGh8hzM2d1LYxPWe76QbINAIU+IS', '601ad3271ba8349725925e8ed6b1162c1866861c0f567eb60f2e828ad299c3c0b8e64ece1af91246b708cb4d8cb7b920b3939ffd513430565b68e832b3b96cd3C8w2pf3190dEMLfW0csqcGUpLxLbsckd6x4UITybid4J6slklWBzvzi8n1h+5mei1Z4tp320c+A9D1Kq700e9A==', '2017-11-11 10:33:22'),
(185, 21, '04e133caafc5fe5f462248994bec75338af9bb260928a6cfb23ad368257182c29c1799ee86bc60cef1d2f6027d8baacd6b119ea95099af6aef5d0078fb7b5069he+e/xDCUut3Y4ZJBjYoQVXbhP/ZDDCEAMx3JTIi+J8wvp2AoFpU3Y45XYdz61+k', '0ccded63e9219a70f9c801d4d8d6668f5a319886cd5c1e846bbbeec93882869cdc26cd55c0f696ea463e2f55bf0249a22eab25f366e2b9b0cb12b61490cc34993JKUDDZWx3mTJzIK9h82M/avtCTZrlCIQnyus2Zh5QJT1pAML+9g/1DSWwiU57gtLcebWOHuk42Ao8qCIaYY4Q==', '2017-11-11 10:33:23'),
(186, 21, '02ee410dbf97150da361a0eb318c4e134ba7b0930f593eef2a25017894ff69ebda9031968e95561292991ee4cef9de9eec1d76c4b3bb24d2a4ba2851ed52d7d4Fz96X3+t5jiy9bQP7mJr0Q6tfze7toB3uGfOdMxvL/cQ1UGSfUtZ4xVTqaXBgSJs', '1fbd2937060fbe1590597b0520302514322a6d0d00dc07e9c580e82a36702986fed1a3e7417423d6a4b5d41b1cae4eaea1b10bf4b09cbede43196169f4544405mWoeB9ih7aRA8bPmJtTVJEAZkUjXBgzGFG7V5u/sFRH3ryVlwa3EmuTA3wJpIwZ0E525BX892cJ0PELQLT0txg==', '2017-11-11 10:33:23'),
(187, 21, 'e83b474d9d1b73475237b512d84533c66348eb63c1288fc948e84f42486079acfb1f4b11fbe5c2544ac23222778f85584d9afaf41d32b981b9c6098c224481e2+sarJjHXWI1/73ksrdWAlUPcvX77dkKTze7Oj8WDtTOT6pxa/yza6wagMVgDDi78', 'ce17595da2deaaae30983776a4d45359d3741af9a0004f918e531da15ea2d09ece4679314bdb6f652641775d44ca0ad88473df1d2db04d0a4a1ecda857df6a41boadUAH592MvRZT2dx0AQbfcfGf60qEJcA3QG6vgVY96rC3+RDEld6wFW7BlQu+IBkONoGkrQdsV6lGZASwO5w==', '2017-11-11 10:33:23'),
(188, 21, '0867a2b77ac62e79f41d7f1d2f867b1a7b3e67dd8e8b77385291c9aa053e00a4e45feab6cb346793cbdc0869fd9199535c48714ff0ae766fb8172035e571e11cn6fUQkGAzXeaQLDe5/lNy6athWdzmnaWivkF/5vYRfL7y5wIZHVS0QpScNVbHG9C', '5f5beaee212c28b64e5f4331d6f5529fbc6128cc193b982bce1e5edb4af572f0feea783f1a849c890b9e1b6d01e8455b9aa18a273572667f3c05591ea6f8ed066CkjaCBMs0aO8WtVEtkfXHSKPSMiNVd+AqyK3QQKCgRra+lfXGGeEse5cEn4SLNdT52B8fnP29OfbEd55fhaMg==', '2017-11-11 10:33:23'),
(189, 21, '8140d8ddf8f2be8a902d413019bb947127f691b0d70f0331f63d24c7e3912d6c6818c3395694535103d27345fcc37023c9602662bdcc150b9b61cd5f08e7ecafvNdxqxVmOS+X60Vlk0UywGwuT7MEEP42FG4SdI7gVz+iFdUl2rj4JIHkw0K9CCfH', 'c132a95b92e6383e03a878c6562076678828e5af6ed61e44816931fc6099acd9e2ef5a34784fea92307ad8af74c1970fd4395afc1dcd57e1d8fcfccf53b07722shfDiV4jL+g4Zl7icvLeXM0mXqlxXF2VV1ulJPoSFtYRbaqp3BqMeCyQX9ee3QIujMXhLFXWxODUjGv596I4OA==', '2017-11-11 10:33:23'),
(190, 21, 'd2e45e059a56f0d0e590c5dc745ee3bb5c53ce4670e9e1778457d0b0d681f47f8a3af1f11d6cd14a1ed8d9d064f418657ab985acd2a7ab8d3761dd6ca075580aqnimxt43mbJJVXAk318WRTS2H5PKAHcgUkevYIh/rwRB1nwUCsTw/O6Z2bE6ueet', '446014a338ed21df0105a56f01694139fb8d1e724d145943dc6d238384026037c54d2bb9ddc54ba1117ca03a12da6eb8d5d90da23ec893a8d366408b1cc60c43aX0OI3tAwZtwuKf/amJVJNKi/Syp25awuUwSzY9cUmifvhJvrCy26+m0biViIai08eY8VV4Bc5WlI0RLQR7Txw==', '2017-11-11 10:33:24'),
(191, 21, 'b9b9c4ea0db1ed4113d9696d4ce09df90ec5ba1f993925ff4b52eca17ef8d20950c33c0af5f4b2d87732749d60a6d318ea51ba4704be699cb6944577a9138ef5BQHyM820i4X+H7djAkZzdn91Aqbi0ie2uUtEPDalD6byk1bxD90sxREb2OZw1Da1', 'af60629139c3425c7b2a3e4db4412fc91edc6c33fb7d87b51f1c02851c4ca1cd27c297ab74353cb0d6f045710f6a298ae41c7e0178cc9aa740833c5198b41d95E8cwU1zthszzgS8kqSV4PSL95giTy6odEOoz14EiSlS3igmIGxA3Kg0iEwDaJTo4p4xiNgc1gUrgAGfI90WzYQ==', '2017-11-11 10:33:24'),
(192, 21, 'daefc46773e2c7a67329a0866d14e24e1e2d22249010360bc8719d158e0dfdb159c381f15fcd91fbbd351d7e9a428a7648ab53cdd06cba01d67ad66350a30d43wtp6hzBoJLLnjF2FDEBe9dbmkM97elNBQbEiW1ZOsmW2r02zOyvSB1qxdbcK8dI8', '59ca34a349385fc7a4e2c0d5719fd58cf89a01d264a9ff9413d71137deee9ca684cb339381983221191247328be9dd1c3291ec7c13d5407c41765ab11600bd4aStLfksa7st5EzQlVz3zynnsGaglHknc5gq+KY0Yma4nuY/GTYMdriD5l4SbLYnoFqIs5y3DlrcjiDF6W3deQDQ==', '2017-11-11 10:33:24'),
(193, 21, 'ffb37a9b6830666e100ffffab67e6548b21e00026024982a47958d87a4d36045e604deb085d27a0d5be139305a6837fe6b400869afc720c96d90b544efa88416JGs++UhjJsLPZglb+gLN45Jg7BozKNwa0LoqGuoXgPhkna3jP5KgWwJpM32acdUa', 'fc3aa094a796eb5b46500a2fe47558a5ab9a97d3fdd6f4ff58522b44708f16eb8c4419d8f7e79fe9df27b6b2b7ac858b067151c968b3361e4400323bd1bb6b72wtpabcxIH5ey2d783avd7HMVVPCNrauGlPO1EEGdM+Ml2nezsG5jhPLH6jPy2v7hKUrACiUR8BG39wNwtML2iQ==', '2017-11-11 10:33:24'),
(194, 21, '918361aa05c9c7a0b29a44aba366ce57dcc3547136ec1b4b68aa4a2012767433ed8a124ca9d1b0279afb0f8794b30283741923649b15401607ff0bde6e533141aWNyGHgko14tOghKw/2SQKnXW/rPWbirA3LlgtX1bccb2MhBwtHumQDAZGpnOkPl', '45c06aede637b715bd26e7e6a0ac477a5bf24e6bcd734b06d26133a553f336bed4ac6831efe2b14ff9f639d8d91d3d12ceb4b8d954b3597b2d786b1951d1d43a5IA0666AAoUS6Q5UIQXCwColHHVnRsVS6ub81AHKVwtxF9ztUi93KpMz2h0Y60G6ks/Nx16uJrYQ2l6y01MBeA==', '2017-11-11 10:33:24'),
(195, 21, '79afc8a1073cfacfa90c38f077a14caddfb9abcbfe43310ccf62764f281ce0cde715c15c587bb7286bef67b8faf32cf1f5d9036805f1193188d572db62e32f5eb9SzklACCe9+9NFICe9et9icCZmXXbvrybMRxvd7MAXdZqQcMfTACd6BpIAjoZyD', '3baa0de7cc1250730d555d9d03ff706ab6878dea465b7008251643ff5d2f41278d0d0e094353f62e969c39436288c2a9fd681291f86084ae2c6a9a394bdb06f0JQ1obxQBVYYH3Pb7Hj3L/N/ECioVk3gnzsdtpalg970M0dbvukcr7hTtm5oEPYSHiBLVgdnt3EVZg24dzF2/pw==', '2017-11-11 10:33:24'),
(196, 21, '95eda8ef02ee5ffb6351419e6f1e77e0385e49605645bfa7617e553465a39f505fa7a0db54f1d6be02629dc33679a763c1151bdc8bb02c3eccc201d910b207d2w/V3YJReA4S8c7ehjSiX2cY9e22g9zg86rgPko8gEZ7G/dG+zsuiebCbpUjcl0Xw', 'da2aeefa74830405492742033a3c287183fcbd8791323f19810ecb633bb1688a23a1251c59ab3e25426f3e616110a11dcbead08c3d930b225711d6cb3163c5c2GKUaez2QXuHIcImBP4mwvA0F+hUyZ10l5ug0C0WgfHf4I++TzNe1cv/4a5iKtalzXGag6XRJCRRhkxkwCO/b3A==', '2017-11-11 10:33:24'),
(197, 21, 'afba19eef6e13ac097df4493bdc0f3c5e51dc40672b814428a791024fc6daef559d6e8a3dacece9c2eb11a01c4e79bd7f063ae1021c8050db92c6921fd574019JemG6JYluf3o/GCIPPMqxirNChla56Vq1AioPTlQPLrLa8nlQrfUhyZGRuxFOE7p', '430b909ee51e2bc53c2b38196a3f98bce471492923f9a789108db3106a609b5707b6eb8ad33d847b8306b496709f465957ac39a62718e6b7a9806f151cb7b6a6aWN0U6mX52SHTIMqt58otcPR+9vF+08/4dFSardlnLyNbM741PCS1dSLKEJYXBbkhfDX+gfflL9jffjfczY/DA==', '2017-11-11 10:33:26'),
(198, 21, '6f0f48afc3c5e68f32f06828c1cf316e585fab9c26f3e74d9298f600f46b750b2ee0ea3bac494775ab00f41aca4f6f211afd86f99119db81ca23e3d6b3ec9f92D5X0zkmY9E24+c43e8BH9zum0M5gYOkafI1gFy0ZoS1E8t9JxuENi2Rc/ceAcKLL', 'fbf3f6560332872c302c8a9d9f9691ccad228c1207182f15e3410e4374ec13498b8aab67e7734529bfdd7ff051e02f448d4227ed59c951c71ef65196bb434612iE648ws65eHScUnKYBEEeuOqfJalmRfI01djjeVngA+rr/JMJycBo/v1XAmiSuconHRuwNYX7qWYBnaPi45slQ==', '2017-11-11 10:33:26'),
(199, 21, 'b8a692f82a9e08668bcb87938438b9b13aff40618f097250a010b1d6d2c094027408c6ecbb76d1322565e9b2f99c7aadfb965caf59924a760d676f01e8786909ppCdyRHzBg0PBwGOg2RY5apnCaWHGiPtJo6C5HzbC7QSrIIxY33UnanfI6pqpEjv', '9c416514f7bdfbc850b6a7973b261149d0323e97be5a0c1fbe557d7ae2a1b6cd871faa26da7cba13a493b2ab34d1d936813acc2ed671f3241ef705d3c4ff6f709dSlbTfhqhPuaRAtbxGZ8flpYpwioe3/3HWuPvd5b3hzScmU6ebdiiBPVjjFgRDB0m2jr0ijTZCaLET5PVKiBQ==', '2017-11-11 10:33:26'),
(200, 21, 'ccb6164071186a10956bfe4ecb1af6173e83baefb3a2cf0dcc2428a2f34f29195430e25827c15dc3bd98c6cbbbc80297dded848a3763f4e694f418654228f088S/YbMw8tPy3QJKmKRuGOiDD1ZLhcvggskdQM4FymyJqLqK5BjN8P5CXv1DfCTxfb', '97573e80329e33d46c171d966cd7ce1120b1928daeaae8fae85ca9d5504fe1d896d55bdfc4d72257d4127c8029f08da5ec9ed8bf4d650976550b8bf6665f2558NBsDYP5769MP8KHFop+0LIySgEvkzqBiX3BzUdyQVhzlcAoPCvc6aOXY5Vpnk9AwBlIrSs+OJ36Z35D2YNZkAA==', '2017-11-11 10:33:26'),
(201, 21, '2d4496a909e5af5279659d12891bcb135b7ee829b9be0d1cef44e9137518ad95213dd0ccf146af0db19981852d9eb9416d0802c99429cd2d1fdceb29a570ae0alel4QDlVIr41LUWPZgf5v80lRBEsiXA40VWbFoH1QfYvU6re+n/2TBi29KpXayJJ', '6eec3b0d9c0bb192e11f59452d6484ca5c39a0a629cbc9ab33885461b02473304113380d1c93af1e16f9227ccc57d0217dcd5e9a57748e833aa1c97953c18657J8Ab46NOrZKe3ZhpJYYINYrAXf389Ur8Hd2XQRsbs811rQ+iJ2O9C4XbAX0NZhRjqrX4bJQHzrfWzTft72QPcQ==', '2017-11-11 10:33:27'),
(202, 21, 'bec7eeb767d461618496fd571bc0c6ff9420d690c291a9b252f8326520356c9a67d9da44c41d708beba732d13ae543b86d2c3ae321938268005067cfa4cc5f86ZtHma88G1BAL+o6XdX004/biya3KD6O7x0R633gWaJtaEr69iXVSsU31Sx6mW/Ru', '814bfe1794bb81806d804d9623af84ca419900e884170740ca06d526a615cf858c47a86b8af8dab36cef824ff3dc5aea5d832bef566fc4bbe9a4133ce91a8ea28uxOaReJqLc83t2ytPfQv/ogaXcrCCHRtrtizHm6kRpuNN0O9cFWEQGu42bLW7eIy1BSjFYQunmcqgtZbYrjJQ==', '2017-11-11 10:33:27'),
(203, 21, 'd127e0ba28a5f4ca775cac1d34b48f5e80ac040260eb06c61377816ef9cfdb1e68413694c58059d753b1c5f912f665ddef8545e7d9871d1f0185b2e9c03dc3c54XnMZ11sF41KkvuSAWkbVNDgJOoZZjGrW5jWsdboL11QS4+CH2mpzys0yu9VOq0R', 'ae0843f28b34ba7482c95fab54a69a9983353d4a6d18f5040ca56892a50f2207f7380586458c6d1d1337186318cf55c7896026d2934619daac1e9452fbc59225atFT30t2S8HRO1sCM7Gs/z5JlEaRdIJoAIv1ROI4fu1gYsbPKb5db0ogdkYuzZNJt/MjyZIz+Nmdb/N3VkjVDQ==', '2017-11-11 10:33:27'),
(204, 21, '9db2d186844ed2389435cfbc56aa8da42135e2ed5b9460e6092690fd41169987009ada14b6c108d052ee362538ca749c7600074b895b2fa7d088ccb9f181d84e6vY3+8HIg+OCfY7W60e7pUxa8jcP0Ihi7woYNDZI3VNrCdflytfBlZWlOlj15PV7', '2bff672b213c2d46e613708a2e7572e973bab102aeb2165ae021dde687449494e6c01f3a7bb2a971072dcb9eecd94a01c0351b5f8c61282ef21ef61fdda2c5107njZvzVTC0rVp5ltbSJ5lC5cvzR1z6kYsK8z7wRQDhVQRGh27mbA9yoPcGYWzNVK8GAOcYpF7sWehxuZ5K/i2Q==', '2017-11-11 10:33:27');

-- --------------------------------------------------------

--
-- Table structure for table `faculty`
--

CREATE TABLE `faculty` (
  `facultyID` int(11) NOT NULL,
  `userID` int(11) NOT NULL,
  `facultyNo` varchar(11) NOT NULL,
  `programID` int(11) NOT NULL,
  `status` varchar(100) NOT NULL,
  `dateAdded` datetime NOT NULL,
  `dateModified` datetime DEFAULT NULL
) ENGINE=MyISAM DEFAULT CHARSET=utf8;

--
-- Dumping data for table `faculty`
--

INSERT INTO `faculty` (`facultyID`, `userID`, `facultyNo`, `programID`, `status`, `dateAdded`, `dateModified`) VALUES
(1, 36, '20763829', 1, 'Active', '2017-10-09 00:00:00', '2017-10-09 00:00:00'),
(2, 37, '20677261', 2, 'Active', '2017-10-09 00:00:00', '2017-10-09 00:00:00'),
(3, 38, '20199283', 3, 'Active', '2017-10-09 00:00:00', '2017-10-09 00:00:00'),
(4, 39, '20987898', 4, 'Active', '2017-10-09 00:00:00', '2017-10-09 00:00:00'),
(5, 40, '20600192', 5, 'Active', '2017-10-09 00:00:00', '2017-10-09 00:00:00'),
(6, 41, '20788293', 1, 'Active', '2017-10-09 00:00:00', '2017-10-09 00:00:00'),
(7, 42, '20091827', 2, 'Active', '2017-10-09 00:00:00', '2017-10-09 00:00:00'),
(8, 43, '21388726', 3, 'Active', '2017-10-09 00:00:00', '2017-10-09 00:00:00'),
(9, 44, '20988817', 4, 'Active', '2017-10-09 00:00:00', '2017-10-09 00:00:00'),
(10, 45, '20788766', 5, 'Active', '2017-10-09 00:00:00', '2017-10-09 00:00:00');

-- --------------------------------------------------------

--
-- Table structure for table `feedbacks`
--

CREATE TABLE `feedbacks` (
  `feedbackID` int(11) NOT NULL,
  `tutorialNo` int(11) NOT NULL,
  `feedback` varchar(1000) NOT NULL,
  `dateAdded` datetime NOT NULL
) ENGINE=MyISAM DEFAULT CHARSET=utf8;

--
-- Dumping data for table `feedbacks`
--

INSERT INTO `feedbacks` (`feedbackID`, `tutorialNo`, `feedback`, `dateAdded`) VALUES
(1, 10, '                                                  ', '2017-11-11 10:04:09');

-- --------------------------------------------------------

--
-- Table structure for table `programcourses`
--

CREATE TABLE `programcourses` (
  `refNo` int(11) NOT NULL,
  `programID` int(11) NOT NULL,
  `subjectID` int(11) NOT NULL
) ENGINE=MyISAM DEFAULT CHARSET=utf8;

--
-- Dumping data for table `programcourses`
--

INSERT INTO `programcourses` (`refNo`, `programID`, `subjectID`) VALUES
(1, 1, 16),
(2, 2, 25),
(3, 3, 17),
(4, 4, 18),
(5, 5, 19),
(6, 6, 20),
(7, 7, 21),
(8, 8, 22),
(9, 9, 23),
(10, 10, 24);

-- --------------------------------------------------------

--
-- Table structure for table `programs`
--

CREATE TABLE `programs` (
  `programID` int(11) NOT NULL,
  `name` varchar(100) NOT NULL,
  `programCode` varchar(10) NOT NULL,
  `schoolID` int(5) NOT NULL,
  `dateModified` datetime DEFAULT NULL
) ENGINE=MyISAM DEFAULT CHARSET=utf8;

--
-- Dumping data for table `programs`
--

INSERT INTO `programs` (`programID`, `name`, `programCode`, `schoolID`, `dateModified`) VALUES
(1, 'Bachelor of Science in Information System', 'BS-IS', 2, '2017-09-27 00:00:00'),
(3, 'Bachelor of Science in Business Administration major in Export Management', 'BSBA-EM', 2, '2017-09-27 00:00:00'),
(4, 'Bachelor of Science in Business Administration major in Human Resource Management', 'BSBA-HRM', 2, '2017-09-27 00:00:00'),
(5, 'Bachelor of Science in Interactive Entertainment and Multimedia Computing ', 'BSBA-CA', 2, '2017-09-27 00:00:00'),
(6, 'Bachelor of Science in Information Technology with specialization in Game Design and Development', 'BSIEMC', 2, '2017-09-27 00:00:00'),
(7, 'Bachelor of Arts in Fashion Design and Merchandising', 'AB-FDM', 4, '2017-10-08 00:00:00'),
(8, 'Bachelor in Applied Deaf Studies', 'BAPDST', 1, '2017-10-08 00:00:00'),
(9, 'Bachelor of Arts major in Consular and Diplomatic Affairs', 'AB-CDA', 3, '2017-10-08 00:00:00'),
(10, 'Bachelor of Science in International Hospitality Management', 'BS-IHM', 5, '2017-10-08 00:00:00'),
(2, 'Bachelor of Arts in Multimedia Arts', 'ABMMA', 4, '2017-10-09 00:00:00');

-- --------------------------------------------------------

--
-- Table structure for table `schools`
--

CREATE TABLE `schools` (
  `schoolID` int(11) NOT NULL,
  `name` varchar(100) NOT NULL,
  `schoolCode` varchar(10) NOT NULL,
  `dateModified` datetime DEFAULT NULL
) ENGINE=InnoDB DEFAULT CHARSET=utf8;

--
-- Dumping data for table `schools`
--

INSERT INTO `schools` (`schoolID`, `name`, `schoolCode`, `dateModified`) VALUES
(1, 'School of Deaf Education and Applied Studies', 'SDEAS', '2017-10-09 00:00:00'),
(2, 'School of Management and Information Technology', 'SMIT', '2017-10-09 00:00:00'),
(3, 'School of Diplomacy and Governance', 'SDG', '2017-10-09 00:00:00'),
(4, 'School of Design and Arts', 'SDA', '2017-10-09 00:00:00'),
(5, 'School of Hotel, Restaurant and Institution Management', 'SHRIM', '2017-10-09 00:00:00');

-- --------------------------------------------------------

--
-- Table structure for table `students`
--

CREATE TABLE `students` (
  `studentID` int(11) NOT NULL,
  `userID` int(11) NOT NULL,
  `studentNo` varchar(8) NOT NULL,
  `programID` int(11) NOT NULL,
  `status` varchar(10) NOT NULL,
  `dateAdded` datetime NOT NULL,
  `dateModified` datetime DEFAULT NULL
) ENGINE=MyISAM DEFAULT CHARSET=utf8;

--
-- Dumping data for table `students`
--

INSERT INTO `students` (`studentID`, `userID`, `studentNo`, `programID`, `status`, `dateAdded`, `dateModified`) VALUES
(1, 1, '11439757', 1, 'Active', '2017-10-09 00:00:00', '2017-10-09 00:00:00'),
(2, 2, '11410000', 2, 'Active', '2017-10-09 00:00:00', '2017-10-09 00:00:00'),
(3, 3, '11410001', 3, 'Active', '2017-10-09 00:00:00', '2017-10-09 00:00:00'),
(4, 4, '11410002', 4, 'Active', '2017-10-09 00:00:00', '2017-10-09 00:00:00'),
(5, 5, '11410003', 5, 'Active', '2017-10-09 00:00:00', '2017-10-09 00:00:00'),
(6, 31, '11677289', 1, 'Active', '2017-10-09 00:00:00', '2017-10-09 00:00:00'),
(7, 32, '11682798', 2, 'Active', '2017-10-09 00:00:00', '2017-10-09 00:00:00'),
(8, 33, '11726397', 3, 'Active', '2017-10-09 00:00:00', '2017-10-09 00:00:00'),
(9, 34, '11477283', 4, 'Active', '2017-10-09 00:00:00', '2017-10-09 00:00:00'),
(10, 35, '11500986', 5, 'Active', '2017-10-09 00:00:00', '2017-10-09 00:00:00'),
(11, 6, '11410004', 1, 'Active', '2017-10-09 00:00:00', '2017-10-09 00:00:00'),
(12, 7, '11410005', 2, 'Active', '2017-10-09 00:00:00', '2017-10-09 00:00:00'),
(13, 8, '11410006', 3, 'Active', '2017-10-09 00:00:00', '2017-10-09 00:00:00'),
(14, 9, '11410007', 4, 'Active', '2017-10-09 00:00:00', '2017-10-09 00:00:00'),
(15, 10, '11410008', 5, 'Active', '2017-10-09 00:00:00', '2017-10-09 00:00:00'),
(16, 26, '11400552', 1, 'Active', '2017-10-09 00:00:00', '2017-10-09 00:00:00'),
(17, 27, '11500009', 2, 'Active', '2017-10-09 00:00:00', '2017-10-09 00:00:00'),
(18, 28, '11499944', 3, 'Active', '2017-10-09 00:00:00', '2017-10-09 00:00:00'),
(19, 29, '11388299', 4, 'Active', '2017-10-09 00:00:00', '2017-10-09 00:00:00'),
(20, 30, '11599805', 5, 'Active', '2017-10-09 00:00:00', '2017-10-09 00:00:00');

-- --------------------------------------------------------

--
-- Table structure for table `subjects`
--

CREATE TABLE `subjects` (
  `subjectID` int(11) NOT NULL,
  `subjectCode` varchar(7) NOT NULL,
  `name` varchar(80) NOT NULL,
  `dateModified` datetime DEFAULT NULL
) ENGINE=MyISAM DEFAULT CHARSET=utf8;

--
-- Dumping data for table `subjects`
--

INSERT INTO `subjects` (`subjectID`, `subjectCode`, `name`, `dateModified`) VALUES
(1, 'JOSERIZ', '', '2017-09-27 00:00:00'),
(2, 'NATSC11', '', '2017-09-27 00:00:00'),
(3, 'ALGEB-X', '', '2017-09-27 00:00:00'),
(4, 'CORWRIT', '', '2017-09-27 00:00:00'),
(5, 'BIBSTUD', '', '2017-09-27 00:00:00'),
(6, 'CSBLIFE', '', '2017-09-27 00:00:00'),
(7, 'ECONOMY', '', '2017-09-27 00:00:00'),
(8, 'NATSC13', '', '2017-09-27 00:00:00'),
(9, 'TRIGONO', '', '2017-09-27 00:00:00'),
(10, 'TECWRIT', '', '2017-09-27 00:00:00'),
(11, 'DYNAREL', '', '2017-09-27 00:00:00'),
(12, 'BMAT-X', '', '2017-09-27 00:00:00'),
(13, 'ORALCOM', '', '2017-09-27 00:00:00'),
(14, 'RECONSE', '', '2017-09-27 00:00:00'),
(15, 'CATHWOR', '', '2017-09-27 00:00:00'),
(16, 'ISPROG1', 'Basic C# Programming 1', '2017-10-09 00:00:00'),
(17, 'ENTREM1', 'Entrepreneurial Management 1', '2017-10-09 00:00:00'),
(18, 'EVNTMGT', 'Event Management', '2017-10-09 00:00:00'),
(19, 'CAPRACT', 'Computer Applications Practicum', '2017-10-09 00:00:00'),
(20, 'GAMTHEO', 'Game Theory', '2017-10-09 00:00:00'),
(21, 'FSTUDI1', 'Fashion Studies 1', '2017-10-09 00:00:00'),
(22, 'SPECOMM', 'Special Communications', '2017-10-09 00:00:00'),
(23, 'FRENCH1', 'Basic French 1', '2017-10-09 00:00:00'),
(24, 'HMSALES', 'Hotel Management Sales', '2017-10-09 00:00:00'),
(25, '2DANIM1', '2D Animation 1', '2017-10-09 00:00:00');

-- --------------------------------------------------------

--
-- Table structure for table `timeblocks`
--

CREATE TABLE `timeblocks` (
  `timeblockID` int(5) NOT NULL,
  `timeStart` time NOT NULL,
  `timeEnd` time NOT NULL,
  `status` varchar(25) NOT NULL,
  `dateModified` datetime DEFAULT NULL
) ENGINE=MyISAM DEFAULT CHARSET=utf8;

--
-- Dumping data for table `timeblocks`
--

INSERT INTO `timeblocks` (`timeblockID`, `timeStart`, `timeEnd`, `status`, `dateModified`) VALUES
(1, '08:00:00', '09:00:00', 'Approved', NULL),
(2, '09:30:00', '10:30:00', 'Approved', NULL),
(3, '10:00:00', '11:00:00', 'Approved', NULL),
(4, '10:30:00', '11:30:00', 'Approved', NULL),
(5, '11:00:00', '12:00:00', 'Approved', NULL),
(6, '13:00:00', '14:00:00', 'Approved', '2017-10-09 00:00:00'),
(7, '13:30:00', '14:30:00', 'Approved', '2017-10-09 00:00:00'),
(8, '14:00:00', '15:00:00', 'Approved', '2017-10-09 00:00:00'),
(9, '14:30:00', '15:30:00', 'Approved', '2017-10-09 00:00:00'),
(10, '15:00:00', '16:00:00', 'Approved', '2017-10-09 00:00:00'),
(11, '15:30:00', '16:30:00', 'Approved', '2017-10-09 00:00:00'),
(12, '16:00:00', '17:00:00', 'Approved', '2017-10-09 00:00:00'),
(13, '16:30:00', '17:30:00', 'Approved', '2017-10-09 00:00:00'),
(14, '17:00:00', '18:00:00', 'Approved', '2017-10-09 00:00:00'),
(15, '17:30:00', '18:30:00', 'Approved', '2017-10-09 00:00:00');

-- --------------------------------------------------------

--
-- Table structure for table `tutees`
--

CREATE TABLE `tutees` (
  `tuteeID` int(11) NOT NULL,
  `userID` int(11) NOT NULL,
  `status` varchar(25) NOT NULL,
  `dateAdded` datetime NOT NULL,
  `dateModified` datetime DEFAULT NULL
) ENGINE=MyISAM DEFAULT CHARSET=utf8;

--
-- Dumping data for table `tutees`
--

INSERT INTO `tutees` (`tuteeID`, `userID`, `status`, `dateAdded`, `dateModified`) VALUES
(1, 1, 'Active', '2017-10-09 00:00:00', '2017-10-09 00:00:00'),
(2, 2, 'Active', '2017-10-09 00:00:00', '2017-10-09 00:00:00'),
(3, 3, 'Active', '2017-10-09 00:00:00', '2017-10-09 00:00:00'),
(4, 4, 'Active', '2017-10-09 00:00:00', '2017-10-09 00:00:00'),
(5, 5, 'Active', '2017-10-09 00:00:00', '2017-10-09 00:00:00'),
(31, 31, 'Active', '2017-10-09 00:00:00', '2017-10-09 00:00:00'),
(32, 32, 'Active', '2017-10-09 00:00:00', '2017-10-09 00:00:00'),
(33, 33, 'Active', '2017-10-09 00:00:00', '2017-10-09 00:00:00'),
(34, 34, 'Active', '2017-10-09 00:00:00', '2017-10-09 00:00:00'),
(35, 35, 'Active', '2017-10-09 00:00:00', '2017-10-09 00:00:00');

-- --------------------------------------------------------

--
-- Table structure for table `tutorexpertise`
--

CREATE TABLE `tutorexpertise` (
  `expertiseID` int(11) NOT NULL,
  `tutorID` int(11) NOT NULL,
  `subjectID` int(11) NOT NULL,
  `dateModified` datetime DEFAULT NULL
) ENGINE=MyISAM DEFAULT CHARSET=utf8;

--
-- Dumping data for table `tutorexpertise`
--

INSERT INTO `tutorexpertise` (`expertiseID`, `tutorID`, `subjectID`, `dateModified`) VALUES
(1, 1, 1, NULL),
(2, 2, 2, NULL),
(3, 3, 3, NULL),
(4, 4, 4, NULL),
(5, 5, 5, NULL),
(6, 6, 6, NULL),
(7, 7, 7, NULL),
(8, 8, 8, NULL),
(9, 9, 9, NULL),
(10, 13, 13, NULL);

-- --------------------------------------------------------

--
-- Table structure for table `tutorialchecklists`
--

CREATE TABLE `tutorialchecklists` (
  `checklistID` int(11) NOT NULL,
  `tutorialNo` int(11) NOT NULL,
  `comment` varchar(300) NOT NULL,
  `dateAdded` datetime NOT NULL,
  `dateModified` datetime DEFAULT NULL,
  `status` varchar(25) NOT NULL
) ENGINE=InnoDB DEFAULT CHARSET=utf8;

--
-- Dumping data for table `tutorialchecklists`
--

INSERT INTO `tutorialchecklists` (`checklistID`, `tutorialNo`, `comment`, `dateAdded`, `dateModified`, `status`) VALUES
(1, 1, 'Help Rizal Stuff', '2017-10-09 00:00:00', NULL, 'Active'),
(2, 2, 'Help Science', '2017-10-09 00:00:00', NULL, 'Active');

-- --------------------------------------------------------

--
-- Table structure for table `tutorialsessions`
--

CREATE TABLE `tutorialsessions` (
  `tutorialNo` int(11) NOT NULL,
  `tuteeID` int(11) DEFAULT NULL,
  `tutorID` int(11) DEFAULT NULL,
  `previousTutorID` int(11) DEFAULT NULL,
  `subjectID` int(11) NOT NULL,
  `tutorScheduleID` int(11) NOT NULL,
  `dateTimeRequested` datetime NOT NULL,
  `dateTimeStart` datetime DEFAULT NULL,
  `dateTimeEnd` datetime DEFAULT NULL,
  `tuteeRemarks` varchar(200) DEFAULT NULL,
  `coordRemarks` varchar(200) DEFAULT NULL,
  `dateAdded` datetime NOT NULL,
  `dateModified` datetime DEFAULT NULL,
  `status` varchar(25) NOT NULL
) ENGINE=MyISAM DEFAULT CHARSET=utf8;

--
-- Dumping data for table `tutorialsessions`
--

INSERT INTO `tutorialsessions` (`tutorialNo`, `tuteeID`, `tutorID`, `previousTutorID`, `subjectID`, `tutorScheduleID`, `dateTimeRequested`, `dateTimeStart`, `dateTimeEnd`, `tuteeRemarks`, `coordRemarks`, `dateAdded`, `dateModified`, `status`) VALUES
(1, 1, 1, 0, 1, 1, '2017-11-27 00:00:00', '2017-11-11 00:00:00', '2017-11-11 00:00:00', 'hi', 'ff', '2017-11-11 04:08:48', '2017-11-11 06:15:42', 'Approved'),
(2, 1, 1, NULL, 1, 1, '2017-11-27 00:00:00', NULL, NULL, 'qq', 'ff', '2017-11-11 05:53:46', '2017-11-11 06:15:42', 'Change Approved'),
(13, 1, 1, 0, 1, 1, '2017-11-27 00:00:00', NULL, NULL, 'jj', '2q3wttfgh', '2017-11-11 09:23:54', '2017-11-11 10:13:20', 'Approved'),
(14, 1, NULL, 1, 1, 1, '2017-11-27 00:00:00', NULL, NULL, 'jj', NULL, '2017-11-11 10:03:38', '2017-11-11 10:03:38', 'Pending');

-- --------------------------------------------------------

--
-- Table structure for table `tutors`
--

CREATE TABLE `tutors` (
  `tutorID` int(11) NOT NULL,
  `userID` int(11) NOT NULL,
  `tutorType` varchar(80) NOT NULL,
  `dateAdded` datetime NOT NULL,
  `dateModified` datetime DEFAULT NULL,
  `statusID` int(10) NOT NULL
) ENGINE=MyISAM DEFAULT CHARSET=utf8;

--
-- Dumping data for table `tutors`
--

INSERT INTO `tutors` (`tutorID`, `userID`, `tutorType`, `dateAdded`, `dateModified`, `statusID`) VALUES
(1, 6, 'volunteer', '0000-00-00 00:00:00', NULL, 1),
(2, 7, 'volunteer', '0000-00-00 00:00:00', NULL, 1),
(3, 8, 'volunteer', '0000-00-00 00:00:00', NULL, 1),
(4, 9, 'volunteer', '0000-00-00 00:00:00', NULL, 1),
(5, 10, 'volunteer', '0000-00-00 00:00:00', NULL, 1),
(6, 26, 'Honor Scholar', '0000-00-00 00:00:00', NULL, 1),
(7, 27, 'Honor Scholar', '0000-00-00 00:00:00', NULL, 1),
(8, 28, 'Honor Scholar', '0000-00-00 00:00:00', NULL, 1),
(9, 29, 'Honor Scholar', '2017-10-09 00:00:00', '2017-10-09 00:00:00', 1),
(13, 30, 'Honor Scholar', '2017-10-09 00:00:00', '2017-10-09 00:00:00', 1);

-- --------------------------------------------------------

--
-- Table structure for table `tutorschedules`
--

CREATE TABLE `tutorschedules` (
  `tutorScheduleID` int(11) NOT NULL,
  `tutorID` int(11) NOT NULL,
  `dayofweek` varchar(10) NOT NULL,
  `timeblockID` int(11) NOT NULL,
  `term` int(11) NOT NULL,
  `schoolYr` varchar(10) NOT NULL,
  `dateAdded` datetime NOT NULL
) ENGINE=MyISAM DEFAULT CHARSET=utf8;

--
-- Dumping data for table `tutorschedules`
--

INSERT INTO `tutorschedules` (`tutorScheduleID`, `tutorID`, `dayofweek`, `timeblockID`, `term`, `schoolYr`, `dateAdded`) VALUES
(1, 1, 'Monday', 1, 1, '2017-2018', '2017-10-04 12:03:21'),
(2, 2, 'Tuesday', 2, 1, '2017-2018', '0000-00-00 00:00:00'),
(3, 3, 'Wednesday', 3, 1, '2017-2018', '0000-00-00 00:00:00'),
(4, 4, 'Thursday', 4, 1, '2017-2018', '0000-00-00 00:00:00'),
(5, 5, 'Friday', 5, 1, '2017-2018', '0000-00-00 00:00:00'),
(6, 6, 'Monday', 6, 1, '2017-2018', '0000-00-00 00:00:00');

-- --------------------------------------------------------

--
-- Table structure for table `tutorstatus`
--

CREATE TABLE `tutorstatus` (
  `statusID` int(11) NOT NULL,
  `status` varchar(10) NOT NULL
) ENGINE=InnoDB DEFAULT CHARSET=utf8;

--
-- Dumping data for table `tutorstatus`
--

INSERT INTO `tutorstatus` (`statusID`, `status`) VALUES
(1, 'Active'),
(2, 'Inactive'),
(3, 'Graduating'),
(4, 'OJT');

-- --------------------------------------------------------

--
-- Table structure for table `users`
--

CREATE TABLE `users` (
  `userID` int(11) NOT NULL,
  `typeID` int(11) NOT NULL,
  `username` varchar(50) NOT NULL,
  `firstName` varchar(80) NOT NULL,
  `lastName` varchar(50) NOT NULL,
  `middleName` varchar(50) NOT NULL,
  `emailAddress` varchar(100) NOT NULL,
  `contactNo` varchar(15) NOT NULL,
  `password` varchar(100) NOT NULL,
  `dateAdded` datetime NOT NULL,
  `dateModified` datetime DEFAULT NULL,
  `status` varchar(25) NOT NULL
) ENGINE=MyISAM DEFAULT CHARSET=utf8;

--
-- Dumping data for table `users`
--

INSERT INTO `users` (`userID`, `typeID`, `username`, `firstName`, `lastName`, `middleName`, `emailAddress`, `contactNo`, `password`, `dateAdded`, `dateModified`, `status`) VALUES
(5, 1, '11410003', 'Jeremy', 'Sargent', 'Livingston', 'ipsum.primis@dictum.co.uk', '09457353365', '$2y$10$xINqyw0rYnR7jtGcHsKIL.WC0l04Zulm9g5vGC8wV9rw8VvzP0pF6', '2016-10-28 23:15:53', '2017-05-24 21:52:16', 'Approved'),
(4, 1, '11410002', 'Fitzgerald', 'Richardson', 'Compton', 'amet.ultricies@magnaPraesentinterdum.org', '09674170097', '$2y$10$xINqyw0rYnR7jtGcHsKIL.WC0l04Zulm9g5vGC8wV9rw8VvzP0pF6', '2017-08-03 02:16:09', '2018-08-24 08:19:02', 'Approved'),
(3, 1, '11410001', 'Malcolm', 'Duffy', 'Dillon', 'luctus.vulputate@consequatenimdiam.ca', '09232885918', '$2y$10$xINqyw0rYnR7jtGcHsKIL.WC0l04Zulm9g5vGC8wV9rw8VvzP0pF6', '2018-08-17 06:04:03', '2017-03-07 19:10:50', 'Approved'),
(2, 1, '11410000', 'Pandora', 'Mcbride', 'Sandoval', 'eget.metus.eu@semut.edu', '09360800576', '$2y$10$xINqyw0rYnR7jtGcHsKIL.WC0l04Zulm9g5vGC8wV9rw8VvzP0pF6', '2016-10-06 05:13:43', '2017-02-06 04:27:33', 'Approved'),
(1, 1, '11439757', 'Julie', 'Santos', 'Juangco', 'ju@benilde.edu.ph', '09178451486', '$2y$10$xINqyw0rYnR7jtGcHsKIL.WC0l04Zulm9g5vGC8wV9rw8VvzP0pF6', '2017-09-30 07:47:46', '2017-09-30 07:47:46', 'Active'),
(6, 2, '11410004', 'Lisandra', 'Salazar', 'Wade', 'turpis.egestas@tortor.net', '09415795642', '$2y$10$xINqyw0rYnR7jtGcHsKIL.WC0l04Zulm9g5vGC8wV9rw8VvzP0pF6', '2018-10-31 08:19:17', '2017-06-04 03:40:35', 'Approved'),
(7, 2, '11410005', 'Nola', 'Key', 'Burns', 'Sed@aultricies.org', '09138532961', '$2y$10$xINqyw0rYnR7jtGcHsKIL.WC0l04Zulm9g5vGC8wV9rw8VvzP0pF6', '2018-10-28 06:36:53', '2017-06-21 19:53:20', 'Approved'),
(8, 2, '11410006', 'Graiden', 'Keller', 'Key', 'cursus.et@sed.net', '09895406903', '$2y$10$xINqyw0rYnR7jtGcHsKIL.WC0l04Zulm9g5vGC8wV9rw8VvzP0pF6', '2017-07-03 02:53:54', '2018-06-24 18:57:17', 'Approved'),
(9, 2, '11410007', 'Francesca', 'Bennett', 'Gamble', 'volutpat@Integermollis.com', '09855692855', '$2y$10$xINqyw0rYnR7jtGcHsKIL.WC0l04Zulm9g5vGC8wV9rw8VvzP0pF6', '2018-09-30 17:57:26', '2017-07-15 10:39:41', 'Approved'),
(10, 2, '11410008', 'Michael', 'Pacheco', 'Love', 'dictum.sapien.Aenean@estarcuac.ca', '09501573261', '$2y$10$xINqyw0rYnR7jtGcHsKIL.WC0l04Zulm9g5vGC8wV9rw8VvzP0pF6', '2018-02-02 11:28:27', '2018-08-31 05:40:02', 'Approved'),
(11, 3, '11410009', 'Samuel', 'Trevino', 'Gill', 'ipsum.nunc.id@malesuada.com', '09933467224', '$2y$10$xINqyw0rYnR7jtGcHsKIL.WC0l04Zulm9g5vGC8wV9rw8VvzP0pF6', '2018-04-01 01:13:34', '2016-10-25 21:03:36', 'Approved'),
(12, 3, '11427937', 'Elaina', 'Cruz', 'Dimaunahan', 'Elaina.cruz@gmail.com', '09150000001', '$2y$10$xINqyw0rYnR7jtGcHsKIL.WC0l04Zulm9g5vGC8wV9rw8VvzP0pF6', '2017-10-09 00:00:00', '2017-10-09 00:00:00', 'Active'),
(13, 3, '11494827', 'Angela', 'Elejido', 'Cruz', 'angela.elejido@gmail.com', '09167283910', '$2y$10$xINqyw0rYnR7jtGcHsKIL.WC0l04Zulm9g5vGC8wV9rw8VvzP0pF6', '2017-10-09 00:00:00', '2017-10-09 00:00:00', 'Active'),
(14, 3, '11494293', 'Thirdy', 'Cruz', 'Hasan', 'thirdy.cruz@gmail.com', '09278389946', '$2y$10$xINqyw0rYnR7jtGcHsKIL.WC0l04Zulm9g5vGC8wV9rw8VvzP0pF6', '2017-10-09 00:00:00', '2017-10-09 00:00:00', 'Active'),
(15, 4, '11488977', 'Juan', 'Ravago', 'Angeles', 'juan.ravago@gmail.com', '09186253392', '$2y$10$xINqyw0rYnR7jtGcHsKIL.WC0l04Zulm9g5vGC8wV9rw8VvzP0pF6', '2017-10-09 00:00:00', '2017-10-09 00:00:00', 'Active'),
(16, 4, '11300628', 'Katrina', 'Galang', 'Sy', 'kat.galang@gmail.com', '09196628304', '$2y$10$xINqyw0rYnR7jtGcHsKIL.WC0l04Zulm9g5vGC8wV9rw8VvzP0pF6', '2017-10-09 00:00:00', '2017-10-09 00:00:00', 'Active'),
(17, 4, '11599283', 'Vincent', 'Buendia', 'Abad', 'vince.buendia@gmail.com', '09287294462', '$2y$10$xINqyw0rYnR7jtGcHsKIL.WC0l04Zulm9g5vGC8wV9rw8VvzP0pF6', '2017-10-09 00:00:00', '2017-10-09 00:00:00', 'Active'),
(18, 4, '11522001', 'Dave', 'Cheever', 'Truman', 'dave.cheever@gmail.com', '09178829938', '$2y$10$xINqyw0rYnR7jtGcHsKIL.WC0l04Zulm9g5vGC8wV9rw8VvzP0pF6', '2017-10-09 00:00:00', '2017-10-09 00:00:00', 'Active'),
(19, 4, '11238291', 'Alleane', 'Co', 'Ty', 'alleane.co@gmail.com', '09177777777', '$2y$10$xINqyw0rYnR7jtGcHsKIL.WC0l04Zulm9g5vGC8wV9rw8VvzP0pF6', '2017-10-09 00:00:00', '2017-10-09 00:00:00', 'Active'),
(20, 4, '11300271', 'Angelica', 'Tuazon', 'Zuno', 'angelica.tuazon@gmail.com', '09182099317', '$2y$10$xINqyw0rYnR7jtGcHsKIL.WC0l04Zulm9g5vGC8wV9rw8VvzP0pF6', '0000-00-00 00:00:00', '2017-10-09 00:00:00', 'Active'),
(21, 5, '21400001', 'Mae', 'Garcia', 'Jusaya', 'mae.garcia@gmail.com', '09178293472', '$2y$10$xINqyw0rYnR7jtGcHsKIL.WC0l04Zulm9g5vGC8wV9rw8VvzP0pF6', '2017-10-09 00:00:00', '2017-10-09 00:00:00', 'Active'),
(22, 5, '21392078', 'Edward', 'Cabanatan', 'Igop', 'edward.cabanatan@gmail.com', '09170009955', '$2y$10$xINqyw0rYnR7jtGcHsKIL.WC0l04Zulm9g5vGC8wV9rw8VvzP0pF6', '2017-10-09 00:00:00', '2017-10-09 00:00:00', 'Active'),
(23, 5, '21582906', 'Nikaela', 'Ang', 'So', 'nikaela.ang@gmail.com', '09152222213', 'test', '2017-10-09 00:00:00', '2017-10-09 00:00:00', 'Active'),
(24, 5, '21899075', 'Andrea', 'Martinez', 'Pomada', 'andie.martinez@gmail.com', '09180009273', 'test', '2017-10-09 00:00:00', '2017-10-09 00:00:00', 'Active'),
(25, 5, '21677192', 'Angela', 'Lim', 'Valle', 'angela.lim@gmail.com', '09269918726', 'test', '2017-10-09 00:00:00', '2017-10-09 00:00:00', 'Active'),
(26, 2, '11400552', 'Maria', 'Ang', 'Fernandez', 'maria.ang@gmail.com', '09178829909', 'test', '2017-10-09 00:00:00', '2017-10-09 00:00:00', 'Active'),
(27, 2, '11500009', 'Nicole', 'Yap', 'Uy', 'nicole.yap@gmail.com', '09177726188', 'test', '2017-10-09 00:00:00', '2017-10-09 00:00:00', 'Active'),
(28, 2, '11499944', 'Coleen', 'Bartido', 'Gomez', 'coleen.bartido@gmail.com', '09227718829', 'test', '2017-10-09 00:00:00', '2017-10-09 00:00:00', 'Active'),
(29, 2, '11388299', 'Cheska', 'Cruz', 'Cheesman', 'cheska.cruz@gmail.com', '09187778898', 'test', '2017-10-09 00:00:00', '2017-10-09 00:00:00', 'Active'),
(30, 2, '11599805', 'Jace', 'Villanueva', 'Agustin', 'jace.villanueva@gmail.com', '09188888876', 'test', '2017-10-09 00:00:00', '2017-10-09 00:00:00', 'Active'),
(31, 1, '11677289', 'Marissa', 'Castro', 'De Guzman', 'marissa.castro@gmail.com', '09184444425', 'test', '2017-10-09 00:00:00', '2017-10-09 00:00:00', 'Active'),
(32, 1, '11682798', 'Vincent', 'Villa', 'Borgis', 'vince.villa@gmail.com', '09188266635', 'test', '2017-10-09 00:00:00', '2017-10-09 00:00:00', 'Active'),
(33, 1, '11726397', 'Diane', 'Litan', 'Letran', 'diane.litan@gmail.com', '09182625341', 'test', '2017-10-09 00:00:00', '2017-10-09 00:00:00', 'Active'),
(34, 1, '11477283', 'Willie', 'Revillame', 'Lodi', 'willie.revillame@gmail.com', '09178827365', 'test', '2017-10-09 00:00:00', '2017-10-09 00:00:00', 'Active'),
(35, 1, '11500986', 'Bianca', 'Azurin', 'Lim', 'bianca.azurin@gmail.com', '09141111182', 'test', '2017-10-09 00:00:00', '2017-10-09 00:00:00', 'Active'),
(36, 1, '20763829', 'Isabelle', 'Castell', 'Flores', 'isabelle.castell@gmail.com', '09158882738', 'test', '2017-10-09 00:00:00', '2017-10-09 00:00:00', 'Active'),
(37, 1, '20677261', 'Jomar', 'Azivedo', 'Sta. Cruz', 'jomar.azivedo@gmail.com', '09172534162', 'test', '2017-10-09 00:00:00', '2017-10-09 00:00:00', 'Active'),
(38, 1, '20199283', 'Louise', 'Custodio', 'Tan', 'louise.custodio@gmail.com', '091988273', 'test', '2017-10-09 00:00:00', '2017-10-09 00:00:00', 'Active'),
(39, 1, '20987898', 'Abram', 'Limpin', 'Hosea', 'abram.limpin@gmail.com', '0906009876', 'test', '2017-10-09 00:00:00', '2017-10-09 00:00:00', 'Active'),
(40, 1, '20600192', 'Henry', 'Castro', 'De Villa', 'henry.castro@gmail.com', '09098827738', 'test', '2017-10-09 00:00:00', '2017-10-09 00:00:00', 'Active'),
(41, 1, '20788293', 'Esther', 'Tuazon', 'Dorado', 'esther.tuazon@gmail.com', '09082283728', 'test', '2017-10-09 00:00:00', '2017-10-09 00:00:00', 'Active'),
(42, 1, '20091827', 'Andrea', 'Juridico', 'Locsin', 'andrea.juridico@gmail.com', '09087726371', 'test', '2017-10-09 00:00:00', '2017-10-09 00:00:00', 'Active'),
(43, 1, '21388726', 'Kristine', 'Limco', 'Tan', 'kristine.limco@gmail.com', '09067728391', 'test', '2017-10-09 00:00:00', '2017-10-09 00:00:00', 'test'),
(44, 1, '20988817', 'Juan', 'Barcelon', 'Bandonillo', 'juan.barcelon@gmail.com', '09056627389', 'test', '2017-10-09 00:00:00', '2017-10-09 00:00:00', 'Active'),
(45, 1, '20788766', 'Paolo', 'Ortiz', 'Escudero', 'paolo.ortiz@gmail.com', '09098829938', 'test', '2017-10-09 00:00:00', '2017-10-09 00:00:00', 'Active');

-- --------------------------------------------------------

--
-- Table structure for table `usertypes`
--

CREATE TABLE `usertypes` (
  `typeID` int(11) NOT NULL,
  `userType` varchar(25) NOT NULL
) ENGINE=MyISAM DEFAULT CHARSET=utf8;

--
-- Dumping data for table `usertypes`
--

INSERT INTO `usertypes` (`typeID`, `userType`) VALUES
(5, 'SLU Coordinator'),
(3, 'Student Assistant'),
(2, 'Tutor'),
(1, 'Tutee'),
(4, 'SGO');

--
-- Indexes for dumped tables
--

--
-- Indexes for table `attendance`
--
ALTER TABLE `attendance`
  ADD PRIMARY KEY (`logID`);

--
-- Indexes for table `auditlogs`
--
ALTER TABLE `auditlogs`
  ADD PRIMARY KEY (`auditID`);

--
-- Indexes for table `faculty`
--
ALTER TABLE `faculty`
  ADD PRIMARY KEY (`facultyID`);

--
-- Indexes for table `feedbacks`
--
ALTER TABLE `feedbacks`
  ADD PRIMARY KEY (`feedbackID`);

--
-- Indexes for table `programcourses`
--
ALTER TABLE `programcourses`
  ADD PRIMARY KEY (`refNo`);

--
-- Indexes for table `programs`
--
ALTER TABLE `programs`
  ADD PRIMARY KEY (`programID`);

--
-- Indexes for table `schools`
--
ALTER TABLE `schools`
  ADD PRIMARY KEY (`schoolID`);

--
-- Indexes for table `students`
--
ALTER TABLE `students`
  ADD PRIMARY KEY (`studentID`);

--
-- Indexes for table `subjects`
--
ALTER TABLE `subjects`
  ADD PRIMARY KEY (`subjectID`);

--
-- Indexes for table `timeblocks`
--
ALTER TABLE `timeblocks`
  ADD PRIMARY KEY (`timeblockID`);

--
-- Indexes for table `tutees`
--
ALTER TABLE `tutees`
  ADD PRIMARY KEY (`tuteeID`);

--
-- Indexes for table `tutorexpertise`
--
ALTER TABLE `tutorexpertise`
  ADD PRIMARY KEY (`expertiseID`);

--
-- Indexes for table `tutorialchecklists`
--
ALTER TABLE `tutorialchecklists`
  ADD PRIMARY KEY (`checklistID`);

--
-- Indexes for table `tutorialsessions`
--
ALTER TABLE `tutorialsessions`
  ADD PRIMARY KEY (`tutorialNo`);

--
-- Indexes for table `tutors`
--
ALTER TABLE `tutors`
  ADD PRIMARY KEY (`tutorID`);

--
-- Indexes for table `tutorschedules`
--
ALTER TABLE `tutorschedules`
  ADD PRIMARY KEY (`tutorScheduleID`);

--
-- Indexes for table `tutorstatus`
--
ALTER TABLE `tutorstatus`
  ADD PRIMARY KEY (`statusID`);

--
-- Indexes for table `users`
--
ALTER TABLE `users`
  ADD PRIMARY KEY (`userID`);

--
-- Indexes for table `usertypes`
--
ALTER TABLE `usertypes`
  ADD PRIMARY KEY (`typeID`);

--
-- AUTO_INCREMENT for dumped tables
--

--
-- AUTO_INCREMENT for table `attendance`
--
ALTER TABLE `attendance`
  MODIFY `logID` int(11) NOT NULL AUTO_INCREMENT;
--
-- AUTO_INCREMENT for table `auditlogs`
--
ALTER TABLE `auditlogs`
  MODIFY `auditID` int(11) NOT NULL AUTO_INCREMENT, AUTO_INCREMENT=205;
--
-- AUTO_INCREMENT for table `faculty`
--
ALTER TABLE `faculty`
  MODIFY `facultyID` int(11) NOT NULL AUTO_INCREMENT, AUTO_INCREMENT=11;
--
-- AUTO_INCREMENT for table `feedbacks`
--
ALTER TABLE `feedbacks`
  MODIFY `feedbackID` int(11) NOT NULL AUTO_INCREMENT, AUTO_INCREMENT=2;
--
-- AUTO_INCREMENT for table `programcourses`
--
ALTER TABLE `programcourses`
  MODIFY `refNo` int(11) NOT NULL AUTO_INCREMENT, AUTO_INCREMENT=11;
--
-- AUTO_INCREMENT for table `programs`
--
ALTER TABLE `programs`
  MODIFY `programID` int(11) NOT NULL AUTO_INCREMENT, AUTO_INCREMENT=11;
--
-- AUTO_INCREMENT for table `schools`
--
ALTER TABLE `schools`
  MODIFY `schoolID` int(11) NOT NULL AUTO_INCREMENT, AUTO_INCREMENT=6;
--
-- AUTO_INCREMENT for table `students`
--
ALTER TABLE `students`
  MODIFY `studentID` int(11) NOT NULL AUTO_INCREMENT, AUTO_INCREMENT=21;
--
-- AUTO_INCREMENT for table `subjects`
--
ALTER TABLE `subjects`
  MODIFY `subjectID` int(11) NOT NULL AUTO_INCREMENT, AUTO_INCREMENT=26;
--
-- AUTO_INCREMENT for table `timeblocks`
--
ALTER TABLE `timeblocks`
  MODIFY `timeblockID` int(5) NOT NULL AUTO_INCREMENT, AUTO_INCREMENT=16;
--
-- AUTO_INCREMENT for table `tutees`
--
ALTER TABLE `tutees`
  MODIFY `tuteeID` int(11) NOT NULL AUTO_INCREMENT, AUTO_INCREMENT=36;
--
-- AUTO_INCREMENT for table `tutorexpertise`
--
ALTER TABLE `tutorexpertise`
  MODIFY `expertiseID` int(11) NOT NULL AUTO_INCREMENT, AUTO_INCREMENT=11;
--
-- AUTO_INCREMENT for table `tutorialchecklists`
--
ALTER TABLE `tutorialchecklists`
  MODIFY `checklistID` int(11) NOT NULL AUTO_INCREMENT, AUTO_INCREMENT=3;
--
-- AUTO_INCREMENT for table `tutorialsessions`
--
ALTER TABLE `tutorialsessions`
  MODIFY `tutorialNo` int(11) NOT NULL AUTO_INCREMENT, AUTO_INCREMENT=15;
--
-- AUTO_INCREMENT for table `tutors`
--
ALTER TABLE `tutors`
  MODIFY `tutorID` int(11) NOT NULL AUTO_INCREMENT, AUTO_INCREMENT=14;
--
-- AUTO_INCREMENT for table `tutorschedules`
--
ALTER TABLE `tutorschedules`
  MODIFY `tutorScheduleID` int(11) NOT NULL AUTO_INCREMENT, AUTO_INCREMENT=7;
--
-- AUTO_INCREMENT for table `tutorstatus`
--
ALTER TABLE `tutorstatus`
  MODIFY `statusID` int(11) NOT NULL AUTO_INCREMENT, AUTO_INCREMENT=5;
--
-- AUTO_INCREMENT for table `users`
--
ALTER TABLE `users`
  MODIFY `userID` int(11) NOT NULL AUTO_INCREMENT, AUTO_INCREMENT=11323069;
--
-- AUTO_INCREMENT for table `usertypes`
--
ALTER TABLE `usertypes`
  MODIFY `typeID` int(11) NOT NULL AUTO_INCREMENT, AUTO_INCREMENT=8;COMMIT;

/*!40101 SET CHARACTER_SET_CLIENT=@OLD_CHARACTER_SET_CLIENT */;
/*!40101 SET CHARACTER_SET_RESULTS=@OLD_CHARACTER_SET_RESULTS */;
/*!40101 SET COLLATION_CONNECTION=@OLD_COLLATION_CONNECTION */;
